image_name,x_min,y_min,x_max,y_max,class_name
maskdb/train/images/c2r3e1n14_051.tif,240,169,391,291,Line
maskdb/train/images/c2r3e1n14_051.tif,27,144,52,165,Hole
maskdb/train/images/c2r3e1n14_051.tif,92,159,117,174,Hole
maskdb/train/images/c2r3e1n14_051.tif,126,328,151,354,Hole
maskdb/train/images/c2r3e1n14_051.tif,214,279,235,303,Hole
maskdb/train/images/c2r3e1n14_051.tif,221,497,252,512,Hole
maskdb/train/images/c2r3e1n14_051.tif,458,384,483,403,Hole
maskdb/train/images/c2r3e1n14_051.tif,376,328,390,359,Hole
maskdb/train/images/c2r2e1n2_226.tif,144,391,196,437,Hole
maskdb/train/images/c1r1e1n10_202.tif,173,79,195,100,Hole
maskdb/train/images/c1r1e1n33_177.tif,241,204,277,244,Hole
maskdb/train/images/c1r1e2n46_407.tif,1,390,32,420,Stain
maskdb/train/images/c1r1e2n46_407.tif,131,334,369,512,Stain
maskdb/train/images/c1r1e2n46_407.tif,379,404,403,432,Stain
maskdb/train/images/c1r1e2n46_407.tif,563,52,589,74,Stain
maskdb/train/images/c1r3e1n20_130.tif,460,15,492,55,Hole
maskdb/train/images/c1r3e2n30_268.tif,1,397,27,410,Stain
maskdb/train/images/c1r3e2n30_268.tif,391,361,453,421,Stain
maskdb/train/images/c2r2e2n45_190.tif,209,314,508,512,Stain
maskdb/train/images/c2r3e1n43_181.tif,124,114,138,136,Hole
maskdb/train/images/c2r3e1n43_181.tif,416,162,474,268,Hole
maskdb/train/images/c2r3e1n43_181.tif,245,417,266,434,Hole
maskdb/train/images/c2r3e1n43_181.tif,475,445,494,469,Hole
maskdb/train/images/c2r3e1n43_181.tif,511,489,539,507,Hole
maskdb/train/images/c2r3e1n43_181.tif,510,415,522,434,Hole
maskdb/train/images/c2r3e1n43_181.tif,546,334,587,352,Hole
maskdb/train/images/c2r3e1n43_181.tif,692,88,713,118,Hole
maskdb/train/images/c2r3e2n36_382.tif,47,1,680,215,Stain
maskdb/train/images/c2r3e2n36_382.tif,53,115,107,170,Hole
maskdb/train/images/c2r3e2n36_382.tif,63,382,87,417,Hole
maskdb/train/images/c2r3e2n36_382.tif,243,270,272,293,Hole
maskdb/train/images/c2r3e2n36_382.tif,238,440,261,483,Hole
maskdb/train/images/c2r3e2n36_382.tif,490,221,528,243,Hole
maskdb/train/images/c2r3e2n36_382.tif,591,106,617,127,Hole
maskdb/train/images/c2r3e2n36_382.tif,603,372,637,417,Hole
maskdb/train/images/c2r3e2n36_382.tif,672,110,698,144,Hole
maskdb/train/images/c2r3e2n36_382.tif,745,489,764,512,Hole
maskdb/train/images/c2r2e2n38_217.tif,206,258,273,323,Hole
maskdb/train/images/c2r2e1n38_128.tif,1,405,534,472,Line
maskdb/train/images/c1r1e1n29_060.tif,160,313,244,480,Line
maskdb/train/images/c2r3e2n37_378.tif,1,219,559,304,Stain
maskdb/train/images/c2r3e2n37_378.tif,36,420,62,452,Hole
maskdb/train/images/c2r3e2n37_378.tif,1,393,25,422,Hole
maskdb/train/images/c2r3e2n37_378.tif,234,473,267,501,Hole
maskdb/train/images/c2r3e2n37_378.tif,439,339,463,367,Hole
maskdb/train/images/c2r3e2n37_378.tif,176,357,196,382,Hole
maskdb/train/images/c2r3e2n37_378.tif,24,308,48,328,Hole
maskdb/train/images/c2r3e2n37_378.tif,471,192,501,224,Hole
maskdb/train/images/c2r3e2n37_378.tif,505,84,523,108,Hole
maskdb/train/images/c2r3e2n37_378.tif,554,182,570,216,Hole
maskdb/train/images/c2r3e2n37_378.tif,609,422,631,457,Hole
maskdb/train/images/c2r3e2n37_378.tif,699,187,733,225,Hole
maskdb/train/images/c2r2e2n21_003.tif,619,93,768,223,Line
maskdb/train/images/c2r3e2n2_405.tif,110,391,130,410,Hole
maskdb/train/images/c2r3e2n2_405.tif,179,413,199,431,Hole
maskdb/train/images/c2r3e2n2_405.tif,422,20,439,49,Hole
maskdb/train/images/c2r3e2n2_405.tif,5,114,42,153,Hole
maskdb/train/images/c2r3e2n2_405.tif,103,151,117,163,Hole
maskdb/train/images/c2r3e2n2_405.tif,708,164,742,197,Hole
maskdb/train/images/c2r3e2n2_405.tif,722,367,758,420,Hole
maskdb/train/images/c2r3e2n2_405.tif,385,85,537,183,Stain
maskdb/train/images/c1r1e1n31_096.tif,246,165,355,328,Line
maskdb/train/images/c1r3e2n27_369.tif,1,380,18,416,Stain
maskdb/train/images/c1r3e2n27_369.tif,94,112,143,148,Stain
maskdb/train/images/c1r3e2n27_369.tif,564,57,588,73,Stain
maskdb/train/images/c1r1e1n37_087.tif,595,156,675,331,Line
maskdb/train/images/c2r3e2n39_235.tif,1,1,692,99,Stain
maskdb/train/images/c2r3e2n39_235.tif,48,172,66,187,Hole
maskdb/train/images/c2r3e2n39_235.tif,88,187,112,221,Hole
maskdb/train/images/c2r3e2n39_235.tif,19,363,43,394,Hole
maskdb/train/images/c2r3e2n39_235.tif,125,442,156,471,Hole
maskdb/train/images/c2r3e2n39_235.tif,180,416,204,444,Hole
maskdb/train/images/c2r3e2n39_235.tif,178,473,188,507,Hole
maskdb/train/images/c2r3e2n39_235.tif,232,108,245,139,Hole
maskdb/train/images/c2r3e2n39_235.tif,290,241,313,270,Hole
maskdb/train/images/c2r3e2n39_235.tif,349,404,393,439,Hole
maskdb/train/images/c2r3e2n39_235.tif,490,96,512,136,Hole
maskdb/train/images/c2r3e2n39_235.tif,654,199,688,255,Hole
maskdb/train/images/c2r3e2n39_235.tif,549,70,588,94,Hole
maskdb/train/images/c2r2e1n10_222.tif,280,364,324,419,Hole
maskdb/train/images/c2r3e2n40_375.tif,82,224,101,248,Hole
maskdb/train/images/c2r3e2n40_375.tif,67,41,103,78,Hole
maskdb/train/images/c2r3e2n40_375.tif,46,2,74,29,Hole
maskdb/train/images/c2r3e2n40_375.tif,252,155,279,185,Hole
maskdb/train/images/c2r3e2n40_375.tif,397,363,425,387,Hole
maskdb/train/images/c2r3e2n40_375.tif,444,6,552,512,Hole
maskdb/train/images/c1r3e2n50_283.tif,1,391,23,412,Stain
maskdb/train/images/c1r3e2n50_283.tif,222,1,485,203,Stain
maskdb/train/images/c1r1e2n25_374.tif,1,389,29,418,Stain
maskdb/train/images/c1r1e2n25_374.tif,273,101,417,479,Stain
maskdb/train/images/c1r1e1n24_168.tif,136,110,180,151,Hole
maskdb/train/images/c1r1e1n24_168.tif,333,411,370,440,Hole
maskdb/train/images/c2r3e1n42_066.tif,12,269,36,293,Hole
maskdb/train/images/c2r3e1n42_066.tif,47,332,68,351,Hole
maskdb/train/images/c2r3e1n42_066.tif,144,138,165,155,Hole
maskdb/train/images/c2r3e1n42_066.tif,313,228,386,310,Hole
maskdb/train/images/c2r3e1n42_066.tif,536,70,588,100,Hole
maskdb/train/images/c2r3e1n42_066.tif,471,438,504,459,Hole
maskdb/train/images/c2r3e1n42_066.tif,488,345,529,372,Hole
maskdb/train/images/c2r3e1n42_066.tif,675,410,707,440,Hole
maskdb/train/images/c2r3e1n42_066.tif,721,100,764,123,Hole
maskdb/train/images/c1r1e2n21_247.tif,345,166,697,416,Stain
maskdb/train/images/c1r1e2n21_247.tif,1,386,16,418,Stain
maskdb/train/images/c2r2e2n24_013.tif,662,167,724,371,Line
maskdb/train/images/c2r3e1n7_211.tif,62,360,87,376,Hole
maskdb/train/images/c2r3e1n7_211.tif,97,269,119,301,Hole
maskdb/train/images/c2r3e1n7_211.tif,250,427,279,448,Hole
maskdb/train/images/c2r3e1n7_211.tif,141,111,194,184,Hole
maskdb/train/images/c2r3e1n7_211.tif,254,205,280,235,Hole
maskdb/train/images/c2r3e1n7_211.tif,354,186,376,215,Hole
maskdb/train/images/c2r3e1n7_211.tif,432,288,456,304,Hole
maskdb/train/images/c1r3e1n39_101.tif,480,86,768,264,Line
maskdb/train/images/c2r3e1n3_203.tif,76,3,101,20,Hole
maskdb/train/images/c2r3e1n3_203.tif,112,152,128,174,Hole
maskdb/train/images/c2r3e1n3_203.tif,206,251,228,265,Hole
maskdb/train/images/c2r3e1n3_203.tif,273,366,347,417,Hole
maskdb/train/images/c2r3e1n3_203.tif,408,444,429,459,Hole
maskdb/train/images/c2r3e1n3_203.tif,498,407,520,420,Hole
maskdb/train/images/c2r3e1n3_203.tif,599,473,615,496,Hole
maskdb/train/images/c2r2e2n36_209.tif,112,475,183,512,Hole
maskdb/train/images/c1r1e1n4_213.tif,212,324,239,345,Hole
maskdb/train/images/c1r1e2n34_389.tif,2,382,19,419,Stain
maskdb/train/images/c1r1e2n34_389.tif,251,267,347,349,Stain
maskdb/train/images/c2r2e2n50_326.tif,254,233,483,473,Stain
maskdb/train/images/c2r2e1n25_100.tif,312,371,549,442,Line
maskdb/train/images/c2r2e2n28_399.tif,68,388,365,512,Stain
maskdb/train/images/c1r1e1n12_143.tif,421,442,468,473,Hole
maskdb/train/images/c2r3e2n1_404.tif,291,67,331,109,Hole
maskdb/train/images/c2r3e2n1_404.tif,67,40,97,80,Hole
maskdb/train/images/c2r3e2n1_404.tif,30,268,49,293,Hole
maskdb/train/images/c2r3e2n1_404.tif,614,131,655,158,Hole
maskdb/train/images/c2r3e2n1_404.tif,613,430,688,508,Hole
maskdb/train/images/c2r3e2n1_404.tif,689,331,736,381,Hole
maskdb/train/images/c2r3e2n1_404.tif,288,121,442,236,Stain
maskdb/train/images/c2r3e2n44_373.tif,112,169,149,201,Hole
maskdb/train/images/c2r3e2n44_373.tif,146,93,182,123,Hole
maskdb/train/images/c2r3e2n44_373.tif,176,338,204,361,Hole
maskdb/train/images/c2r3e2n44_373.tif,181,374,220,396,Hole
maskdb/train/images/c2r3e2n44_373.tif,367,450,404,491,Hole
maskdb/train/images/c2r3e2n44_373.tif,104,472,124,508,Hole
maskdb/train/images/c2r3e2n44_373.tif,395,414,422,446,Hole
maskdb/train/images/c2r3e2n44_373.tif,425,297,449,339,Hole
maskdb/train/images/c2r3e2n44_373.tif,497,204,597,512,Stain
maskdb/train/images/c2r3e2n44_373.tif,328,1,365,24,Hole
maskdb/train/images/c2r3e2n44_373.tif,383,163,412,196,Hole
maskdb/train/images/c1r1e2n38_289.tif,1,395,29,414,Stain
maskdb/train/images/c1r1e2n38_289.tif,183,220,340,300,Stain
maskdb/train/images/c1r3e2n20_372.tif,1,229,74,268,Stain
maskdb/train/images/c1r3e2n20_372.tif,1,386,33,407,Stain
maskdb/train/images/c1r3e2n20_372.tif,513,5,768,207,Stain
maskdb/train/images/c2r2e2n49_301.tif,514,7,765,225,Stain
maskdb/train/images/c1r3e1n15_150.tif,630,369,664,418,Hole
maskdb/train/images/c2r2e1n16_146.tif,231,246,280,361,Hole
maskdb/train/images/c1r3e1n22_083.tif,154,246,229,382,Line
maskdb/train/images/c2r3e2n49_380.tif,107,171,132,196,Hole
maskdb/train/images/c2r3e2n49_380.tif,241,127,266,153,Hole
maskdb/train/images/c2r3e2n49_380.tif,291,170,321,214,Hole
maskdb/train/images/c2r3e2n49_380.tif,328,25,382,97,Hole
maskdb/train/images/c2r3e2n49_380.tif,387,390,766,448,Stain
maskdb/train/images/c2r3e2n49_380.tif,569,100,602,146,Hole
maskdb/train/images/c2r3e2n49_380.tif,634,224,657,255,Hole
maskdb/train/images/c2r3e2n49_380.tif,604,282,628,318,Hole
maskdb/train/images/c1r1e1n16_149.tif,409,97,453,139,Hole
maskdb/train/images/c2r3e2n23_325.tif,116,161,153,192,Hole
maskdb/train/images/c2r3e2n23_325.tif,317,277,423,388,Stain
maskdb/train/images/c2r3e2n23_325.tif,269,279,291,301,Hole
maskdb/train/images/c2r3e2n23_325.tif,326,102,361,127,Hole
maskdb/train/images/c2r3e2n23_325.tif,387,115,457,157,Hole
maskdb/train/images/c2r3e2n23_325.tif,569,426,597,478,Hole
maskdb/train/images/c2r3e2n34_252.tif,19,136,39,166,Hole
maskdb/train/images/c2r3e2n34_252.tif,46,174,70,211,Hole
maskdb/train/images/c2r3e2n34_252.tif,48,417,73,452,Hole
maskdb/train/images/c2r3e2n34_252.tif,1,439,21,466,Hole
maskdb/train/images/c2r3e2n34_252.tif,213,283,241,330,Hole
maskdb/train/images/c2r3e2n34_252.tif,449,220,479,251,Hole
maskdb/train/images/c2r3e2n34_252.tif,217,453,249,503,Hole
maskdb/train/images/c2r3e2n34_252.tif,623,101,639,137,Hole
maskdb/train/images/c2r3e2n34_252.tif,197,159,230,184,Hole
maskdb/train/images/c2r3e2n34_252.tif,574,372,604,425,Hole
maskdb/train/images/c2r3e2n34_252.tif,749,176,768,195,Hole
maskdb/train/images/c2r3e2n34_252.tif,726,490,751,507,Hole
maskdb/train/images/c2r3e2n34_252.tif,1,26,609,212,Stain
maskdb/train/images/c1r1e1n39_045.tif,138,132,325,173,Line
maskdb/train/images/c1r3e1n46_052.tif,106,126,267,208,Line
maskdb/train/images/c2r3e1n32_123.tif,138,9,314,273,Line
maskdb/train/images/c2r3e1n32_123.tif,292,280,322,306,Hole
maskdb/train/images/c2r3e1n32_123.tif,172,401,197,424,Hole
maskdb/train/images/c2r3e1n32_123.tif,504,251,549,288,Hole
maskdb/train/images/c2r3e1n32_123.tif,391,36,408,57,Hole
maskdb/train/images/c2r3e1n32_123.tif,348,122,369,138,Hole
maskdb/train/images/c2r3e1n32_123.tif,71,100,95,112,Hole
maskdb/train/images/c2r3e1n32_123.tif,519,38,534,57,Hole
maskdb/train/images/c2r3e1n32_123.tif,528,72,552,91,Hole
maskdb/train/images/c2r3e1n32_123.tif,681,344,706,365,Hole
maskdb/train/images/c2r3e1n32_123.tif,700,381,724,404,Hole
maskdb/train/images/c2r3e1n32_123.tif,731,465,760,489,Hole
maskdb/train/images/c1r1e2n22_257.tif,1,390,28,419,Stain
maskdb/train/images/c1r1e2n22_257.tif,1,9,176,190,Stain
maskdb/train/images/c1r1e2n22_257.tif,401,20,442,293,Stain
maskdb/train/images/c1r1e1n13_189.tif,563,493,621,510,Hole
maskdb/train/images/c1r1e1n8_147.tif,326,456,359,487,Hole
maskdb/train/images/c2r2e2n6_396.tif,135,323,391,421,Stain
maskdb/train/images/c1r3e1n48_094.tif,239,325,574,512,Line
maskdb/train/images/c1r3e1n48_094.tif,26,3,110,117,Line
maskdb/train/images/c1r3e1n48_094.tif,1,131,50,185,Hole
maskdb/train/images/c2r3e1n39_164.tif,412,255,495,322,Hole
maskdb/train/images/c2r3e1n39_164.tif,444,12,481,41,Hole
maskdb/train/images/c2r3e1n39_164.tif,205,337,228,366,Hole
maskdb/train/images/c2r3e1n39_164.tif,603,236,633,268,Hole
maskdb/train/images/c2r3e1n39_164.tif,661,315,693,336,Hole
maskdb/train/images/c2r3e1n39_164.tif,744,339,757,370,Hole
maskdb/train/images/c2r3e1n12_025.tif,193,270,255,444,Line
maskdb/train/images/c2r3e1n12_025.tif,53,52,82,76,Hole
maskdb/train/images/c2r3e1n12_025.tif,3,442,28,478,Hole
maskdb/train/images/c2r3e1n12_025.tif,133,168,170,178,Hole
maskdb/train/images/c2r3e1n12_025.tif,411,337,445,360,Hole
maskdb/train/images/c2r3e1n12_025.tif,325,364,383,412,Hole
maskdb/train/images/c2r3e1n12_025.tif,472,407,519,506,Hole
maskdb/train/images/c1r1e1n45_046.tif,51,296,768,374,Line
maskdb/train/images/c1r1e1n20_176.tif,132,371,181,396,Hole
maskdb/train/images/c1r1e1n20_176.tif,507,275,540,304,Hole
maskdb/train/images/c2r3e1n11_109.tif,168,248,267,429,Line
maskdb/train/images/c2r3e1n11_109.tif,1,98,7,136,Hole
maskdb/train/images/c2r3e1n11_109.tif,189,32,208,57,Hole
maskdb/train/images/c2r3e1n11_109.tif,61,490,86,512,Hole
maskdb/train/images/c2r3e1n11_109.tif,99,176,122,192,Hole
maskdb/train/images/c2r3e1n11_109.tif,414,256,443,280,Hole
maskdb/train/images/c2r3e1n11_109.tif,346,304,392,338,Hole
maskdb/train/images/c2r3e1n11_109.tif,534,304,548,400,Hole
maskdb/train/images/c2r3e1n11_109.tif,559,2,597,19,Hole
maskdb/train/images/c2r3e2n24_270.tif,43,207,162,309,Stain
maskdb/train/images/c2r3e2n24_270.tif,1,222,23,254,Hole
maskdb/train/images/c2r3e2n24_270.tif,91,49,124,70,Hole
maskdb/train/images/c2r3e2n24_270.tif,276,494,310,512,Hole
maskdb/train/images/c2r3e2n24_270.tif,324,274,347,323,Hole
maskdb/train/images/c2r3e2n24_270.tif,398,213,430,246,Hole
maskdb/train/images/c2r3e2n24_270.tif,460,381,502,421,Hole
maskdb/train/images/c2r3e2n24_270.tif,727,404,754,439,Hole
maskdb/train/images/c2r3e2n24_270.tif,716,472,737,504,Hole
maskdb/train/images/c1r3e1n49_105.tif,48,211,496,384,Line
maskdb/train/images/c1r1e2n4_406.tif,134,216,259,295,Stain
maskdb/train/images/c1r1e2n4_406.tif,1,395,19,412,Stain
maskdb/train/images/c1r1e2n4_406.tif,104,324,119,357,Stain
maskdb/train/images/c1r1e2n4_406.tif,567,48,590,69,Stain
maskdb/train/images/c1r1e2n4_406.tif,490,83,503,113,Stain
maskdb/train/images/c1r1e1n34_172.tif,174,232,218,264,Hole
maskdb/train/images/c2r3e1n16_058.tif,214,166,384,254,Line
maskdb/train/images/c2r3e1n16_058.tif,46,354,73,384,Hole
maskdb/train/images/c2r3e1n16_058.tif,82,164,106,189,Hole
maskdb/train/images/c2r3e1n16_058.tif,179,173,204,199,Hole
maskdb/train/images/c2r3e1n16_058.tif,162,15,191,36,Hole
maskdb/train/images/c2r3e1n16_058.tif,304,402,333,432,Hole
maskdb/train/images/c2r3e1n16_058.tif,738,9,767,33,Hole
maskdb/train/images/c2r2e2n43_379.tif,310,125,421,237,Stain
maskdb/train/images/c1r1e2n15_266.tif,1,381,27,418,Stain
maskdb/train/images/c1r1e2n15_266.tif,172,80,244,356,Stain
maskdb/train/images/c1r1e2n15_266.tif,717,447,766,512,Stain
maskdb/train/images/c1r3e1n8_227.tif,387,399,414,415,Hole
maskdb/train/images/c1r3e1n9_154.tif,302,151,328,170,Hole
maskdb/train/images/c1r3e1n35_104.tif,120,366,187,512,Line
maskdb/train/images/c2r3e2n7_239.tif,200,202,460,482,Stain
maskdb/train/images/c2r3e2n7_239.tif,26,259,60,281,Hole
maskdb/train/images/c2r3e2n7_239.tif,34,178,80,231,Hole
maskdb/train/images/c2r3e2n7_239.tif,59,25,88,60,Hole
maskdb/train/images/c2r3e2n7_239.tif,163,24,193,59,Hole
maskdb/train/images/c2r3e2n7_239.tif,268,1,299,31,Hole
maskdb/train/images/c2r3e2n7_239.tif,273,97,304,122,Hole
maskdb/train/images/c2r3e2n7_239.tif,434,19,460,60,Hole
maskdb/train/images/c2r3e2n7_239.tif,486,353,507,382,Hole
maskdb/train/images/c2r3e2n7_239.tif,486,125,530,156,Hole
maskdb/train/images/c1r3e2n43_259.tif,2,387,24,418,Stain
maskdb/train/images/c1r3e2n43_259.tif,49,1,377,242,Stain
maskdb/train/images/c1r1e2n45_308.tif,48,187,118,453,Stain
maskdb/train/images/c1r1e2n45_308.tif,1,390,23,415,Stain
maskdb/train/images/c1r1e2n45_308.tif,548,5,624,243,Stain
maskdb/train/images/c1r1e2n45_308.tif,401,1,548,512,Stain
maskdb/train/images/c1r1e2n43_232.tif,1,394,19,418,Stain
maskdb/train/images/c1r1e2n43_232.tif,162,1,243,510,Stain
maskdb/train/images/c2r2e2n16_069.tif,145,386,290,512,Line
maskdb/train/images/c2r3e2n10_285.tif,186,310,495,510,Stain
maskdb/train/images/c2r3e2n10_285.tif,146,164,170,185,Hole
maskdb/train/images/c2r3e2n10_285.tif,21,196,41,227,Hole
maskdb/train/images/c2r3e2n10_285.tif,377,204,404,236,Hole
maskdb/train/images/c2r3e2n10_285.tif,448,139,492,171,Hole
maskdb/train/images/c2r3e2n10_285.tif,523,147,552,186,Hole
maskdb/train/images/c2r3e2n10_285.tif,660,185,705,207,Hole
maskdb/train/images/c2r3e2n10_285.tif,590,395,615,422,Hole
maskdb/train/images/c2r3e2n10_285.tif,687,393,721,415,Hole
maskdb/train/images/c2r3e2n10_285.tif,1,492,33,511,Hole
maskdb/train/images/c1r1e2n23_338.tif,1,388,25,419,Stain
maskdb/train/images/c1r1e2n23_338.tif,325,167,462,260,Stain
maskdb/train/images/c2r3e2n11_367.tif,231,33,497,305,Stain
maskdb/train/images/c2r3e2n11_367.tif,1,283,49,301,Hole
maskdb/train/images/c2r3e2n11_367.tif,336,333,363,364,Hole
maskdb/train/images/c2r3e2n11_367.tif,563,336,604,388,Hole
maskdb/train/images/c2r3e2n11_367.tif,591,130,631,165,Hole
maskdb/train/images/c2r3e2n11_367.tif,668,281,703,310,Hole
maskdb/train/images/c2r3e2n11_367.tif,698,124,727,153,Hole
maskdb/train/images/c2r3e2n11_367.tif,156,427,174,460,Hole
maskdb/train/images/c1r3e1n44_008.tif,305,303,441,438,Line
maskdb/train/images/c2r3e2n21_242.tif,260,309,394,412,Stain
maskdb/train/images/c2r3e2n21_242.tif,38,264,69,302,Stain
maskdb/train/images/c2r3e2n21_242.tif,216,321,249,356,Hole
maskdb/train/images/c2r3e2n21_242.tif,84,10,110,41,Hole
maskdb/train/images/c2r3e2n21_242.tif,660,81,685,116,Hole
maskdb/train/images/c2r3e2n21_242.tif,693,482,730,512,Hole
maskdb/train/images/c2r3e2n21_242.tif,258,156,312,169,Hole
maskdb/train/images/c2r3e1n37_012.tif,288,172,432,263,Hole
maskdb/train/images/c2r3e1n37_012.tif,169,380,192,397,Hole
maskdb/train/images/c2r3e1n37_012.tif,532,121,552,136,Hole
maskdb/train/images/c2r3e1n37_012.tif,607,102,626,119,Hole
maskdb/train/images/c2r3e1n22_084.tif,545,139,739,490,Line
maskdb/train/images/c2r3e1n22_084.tif,412,264,447,293,Hole
maskdb/train/images/c2r3e1n22_084.tif,453,7,477,35,Hole
maskdb/train/images/c2r3e1n22_084.tif,652,30,677,63,Hole
maskdb/train/images/c2r2e1n33_037.tif,181,320,451,507,Line
maskdb/train/images/c1r1e1n26_039.tif,156,277,349,317,Line
maskdb/train/images/c1r3e2n16_278.tif,4,198,382,482,Stain
maskdb/train/images/c1r3e2n16_278.tif,722,1,768,88,Stain
maskdb/train/images/c2r3e2n15_306.tif,2,206,15,247,Hole
maskdb/train/images/c2r3e2n15_306.tif,436,101,472,131,Hole
maskdb/train/images/c2r3e2n15_306.tif,527,388,564,436,Hole
maskdb/train/images/c2r3e2n15_306.tif,476,486,527,510,Hole
maskdb/train/images/c2r3e2n15_306.tif,14,96,477,279,Stain
maskdb/train/images/c2r3e1n38_050.tif,221,210,405,280,Hole
maskdb/train/images/c2r3e1n38_050.tif,734,45,768,76,Hole
maskdb/train/images/c2r3e1n35_089.tif,107,177,472,244,Line
maskdb/train/images/c2r3e1n35_089.tif,126,438,164,462,Hole
maskdb/train/images/c2r3e1n35_089.tif,206,325,228,351,Hole
maskdb/train/images/c2r3e1n35_089.tif,284,10,317,32,Hole
maskdb/train/images/c2r3e1n35_089.tif,345,81,379,113,Hole
maskdb/train/images/c2r3e1n35_089.tif,480,193,501,216,Hole
maskdb/train/images/c2r3e1n35_089.tif,570,180,603,204,Hole
maskdb/train/images/c2r3e1n35_089.tif,533,349,572,376,Hole
maskdb/train/images/c2r3e1n35_089.tif,600,387,626,420,Hole
maskdb/train/images/c2r3e1n25_079.tif,28,1,167,134,Line
maskdb/train/images/c2r3e1n25_079.tif,16,225,32,251,Hole
maskdb/train/images/c2r3e1n25_079.tif,201,281,227,307,Hole
maskdb/train/images/c2r3e1n25_079.tif,288,39,312,64,Hole
maskdb/train/images/c2r3e1n25_079.tif,637,433,660,462,Hole
maskdb/train/images/c2r3e1n25_079.tif,375,132,396,153,Hole
maskdb/train/images/c1r3e2n38_284.tif,3,396,20,416,Stain
maskdb/train/images/c1r3e2n38_284.tif,202,73,253,119,Stain
maskdb/train/images/c1r3e2n38_284.tif,619,150,717,276,Stain
maskdb/train/images/c1r3e2n38_284.tif,569,47,589,75,Stain
maskdb/train/images/c1r3e2n38_284.tif,534,78,553,115,Stain
maskdb/train/images/c1r3e2n38_284.tif,445,266,469,285,Stain
maskdb/train/images/c1r1e2n29_254.tif,3,382,24,413,Stain
maskdb/train/images/c1r1e2n29_254.tif,325,52,522,249,Stain
maskdb/train/images/c2r2e2n45_329.tif,209,314,508,512,Stain
maskdb/train/images/c2r2e2n32_360.tif,86,1,194,204,Stain
maskdb/train/images/c2r2e2n32_360.tif,555,54,752,309,Stain
maskdb/train/images/c1r1e1n28_044.tif,128,343,276,458,Line
maskdb/train/images/c2r3e2n5_319.tif,1,334,169,431,Stain
maskdb/train/images/c2r3e2n5_319.tif,110,266,135,294,Hole
maskdb/train/images/c2r3e2n5_319.tif,322,212,353,244,Hole
maskdb/train/images/c2r3e2n5_319.tif,248,1,285,40,Hole
maskdb/train/images/c2r3e2n5_319.tif,506,374,562,410,Hole
maskdb/train/images/c2r3e2n5_319.tif,381,88,405,128,Hole
maskdb/train/images/c2r3e2n5_319.tif,578,372,598,405,Hole
maskdb/train/images/c2r3e2n5_319.tif,714,90,729,127,Hole
maskdb/train/images/c1r3e1n16_142.tif,415,418,456,458,Hole
maskdb/train/images/c1r3e1n50_125.tif,18,242,362,364,Line
maskdb/train/images/c2r3e1n28_038.tif,419,84,506,487,Line
maskdb/train/images/c2r3e1n28_038.tif,90,310,125,344,Hole
maskdb/train/images/c2r3e1n28_038.tif,208,111,242,134,Hole
maskdb/train/images/c2r3e1n28_038.tif,319,185,348,209,Hole
maskdb/train/images/c2r3e1n28_038.tif,629,289,644,314,Hole
maskdb/train/images/c2r3e1n28_038.tif,553,345,570,369,Hole
maskdb/train/images/c2r3e1n28_038.tif,748,335,759,382,Hole
maskdb/train/images/c2r3e1n17_120.tif,155,83,318,187,Line
maskdb/train/images/c2r3e1n17_120.tif,29,68,49,86,Hole
maskdb/train/images/c2r3e1n17_120.tif,120,88,146,114,Hole
maskdb/train/images/c2r3e1n17_120.tif,176,237,212,260,Hole
maskdb/train/images/c2r3e1n17_120.tif,395,490,416,512,Hole
maskdb/train/images/c1r3e2n13_263.tif,4,392,23,410,Stain
maskdb/train/images/c1r3e2n13_263.tif,320,10,476,512,Stain
maskdb/train/images/c1r3e2n13_263.tif,560,56,589,76,Stain
maskdb/train/images/c1r3e2n13_263.tif,582,310,645,366,Stain
maskdb/train/images/c1r1e1n35_024.tif,556,427,594,464,Hole
maskdb/train/images/c2r2e1n21_040.tif,131,356,407,403,Line
maskdb/train/images/c2r3e2n43_328.tif,406,1,600,285,Stain
maskdb/train/images/c2r3e2n43_328.tif,396,45,432,81,Hole
maskdb/train/images/c2r3e2n43_328.tif,79,273,103,294,Hole
maskdb/train/images/c2r3e2n43_328.tif,382,330,414,370,Hole
maskdb/train/images/c2r3e2n43_328.tif,199,138,248,172,Hole
maskdb/train/images/c2r3e2n43_328.tif,509,149,531,175,Hole
maskdb/train/images/c2r3e2n43_328.tif,387,124,415,151,Hole
maskdb/train/images/c2r3e2n43_328.tif,486,217,507,250,Hole
maskdb/train/images/c2r3e2n13_288.tif,83,226,315,512,Stain
maskdb/train/images/c2r3e2n13_288.tif,137,244,171,259,Hole
maskdb/train/images/c2r3e2n13_288.tif,207,202,238,238,Hole
maskdb/train/images/c2r3e2n13_288.tif,345,139,390,180,Hole
maskdb/train/images/c2r3e2n13_288.tif,412,349,448,390,Hole
maskdb/train/images/c2r3e2n13_288.tif,382,416,424,456,Hole
maskdb/train/images/c2r3e2n13_288.tif,417,239,442,260,Hole
maskdb/train/images/c2r3e2n13_288.tif,569,430,611,475,Hole
maskdb/train/images/c2r3e2n13_288.tif,509,297,522,325,Hole
maskdb/train/images/c2r3e2n13_288.tif,707,253,734,292,Hole
maskdb/train/images/c2r3e1n48_048.tif,115,139,229,292,Line
maskdb/train/images/c2r3e1n48_048.tif,168,155,192,191,Hole
maskdb/train/images/c2r3e1n48_048.tif,426,121,477,148,Hole
maskdb/train/images/c2r3e1n48_048.tif,322,54,372,75,Hole
maskdb/train/images/c2r3e1n48_048.tif,134,70,167,110,Hole
maskdb/train/images/c2r3e1n48_048.tif,233,192,263,237,Hole
maskdb/train/images/c2r3e1n48_048.tif,523,205,558,244,Hole
maskdb/train/images/c2r3e1n48_048.tif,461,278,482,297,Hole
maskdb/train/images/c1r1e2n33_365.tif,1,387,26,415,Stain
maskdb/train/images/c1r1e2n33_365.tif,249,3,356,92,Stain
maskdb/train/images/c1r3e1n29_010.tif,377,170,434,327,Line
maskdb/train/images/c1r1e2n39_386.tif,1,387,24,404,Stain
maskdb/train/images/c1r1e2n39_386.tif,148,392,312,484,Stain
maskdb/train/images/c1r1e2n39_386.tif,23,76,48,96,Stain
maskdb/train/images/c1r1e2n39_386.tif,573,53,591,74,Stain
maskdb/train/images/c1r1e1n50_117.tif,27,12,352,476,Line
maskdb/train/images/c1r1e1n50_117.tif,581,234,703,380,Line
maskdb/train/images/c1r1e2n26_347.tif,1,393,28,421,Stain
maskdb/train/images/c1r1e2n26_347.tif,241,272,440,427,Stain
maskdb/train/images/c1r3e2n25_275.tif,1,393,19,412,Stain
maskdb/train/images/c1r3e2n25_275.tif,205,327,244,392,Stain
maskdb/train/images/c2r3e1n1_162.tif,12,40,36,57,Hole
maskdb/train/images/c2r3e1n1_162.tif,33,399,61,413,Hole
maskdb/train/images/c2r3e1n1_162.tif,98,167,125,186,Hole
maskdb/train/images/c2r3e1n1_162.tif,340,297,411,348,Hole
maskdb/train/images/c2r3e1n1_162.tif,392,462,432,496,Hole
maskdb/train/images/c2r3e1n1_162.tif,225,225,250,235,Hole
maskdb/train/images/c2r3e1n1_162.tif,610,497,642,512,Hole
maskdb/train/images/c2r3e1n1_162.tif,552,252,580,270,Hole
maskdb/train/images/c2r3e1n1_162.tif,676,314,696,338,Hole
maskdb/train/images/c2r3e1n1_162.tif,491,325,512,342,Hole
maskdb/train/images/c2r2e1n35_019.tif,138,125,534,456,Line
maskdb/train/images/c2r2e2n25_015.tif,88,82,158,260,Line
maskdb/train/images/c1r3e1n41_221.tif,415,410,516,512,Hole
maskdb/train/images/c1r1e1n44_056.tif,590,446,683,511,Line
maskdb/train/images/c2r2e1n39_077.tif,17,295,355,512,Line
maskdb/train/images/c1r3e2n23_371.tif,1,394,15,412,Stain
maskdb/train/images/c1r3e2n23_371.tif,191,99,348,236,Stain
maskdb/train/images/c2r3e2n22_339.tif,163,289,288,365,Stain
maskdb/train/images/c2r3e2n22_339.tif,117,306,143,344,Hole
maskdb/train/images/c2r3e2n22_339.tif,80,131,186,149,Hole
maskdb/train/images/c2r3e2n22_339.tif,458,276,490,320,Hole
maskdb/train/images/c2r3e2n22_339.tif,510,213,534,239,Hole
maskdb/train/images/c2r3e2n22_339.tif,611,346,674,386,Hole
maskdb/train/images/c1r1e1n40_114.tif,107,49,274,145,Line
maskdb/train/images/c2r3e1n34_078.tif,205,80,529,279,Line
maskdb/train/images/c2r3e1n34_078.tif,216,235,260,259,Hole
maskdb/train/images/c2r3e1n34_078.tif,102,287,144,313,Hole
maskdb/train/images/c2r3e1n34_078.tif,220,486,274,511,Hole
maskdb/train/images/c2r3e1n34_078.tif,482,24,510,51,Hole
maskdb/train/images/c2r3e1n34_078.tif,702,140,734,174,Hole
maskdb/train/images/c2r3e1n34_078.tif,491,436,519,474,Hole
maskdb/train/images/c2r3e1n34_078.tif,542,275,557,315,Hole
maskdb/train/images/c2r3e1n34_078.tif,617,322,654,342,Hole
maskdb/train/images/c2r3e1n34_078.tif,491,115,515,139,Hole
maskdb/train/images/c1r3e2n28_303.tif,1,111,119,444,Stain
maskdb/train/images/c1r3e2n28_303.tif,515,78,568,129,Stain
maskdb/train/images/c2r3e1n50_075.tif,152,148,407,279,Line
maskdb/train/images/c2r3e1n50_075.tif,140,156,176,181,Hole
maskdb/train/images/c2r3e1n50_075.tif,226,165,258,211,Hole
maskdb/train/images/c2r3e1n50_075.tif,304,136,334,171,Hole
maskdb/train/images/c2r3e1n50_075.tif,35,280,92,319,Hole
maskdb/train/images/c2r3e1n50_075.tif,614,350,640,375,Hole
maskdb/train/images/c2r3e1n50_075.tif,602,467,634,499,Hole
maskdb/train/images/c1r1e2n12_390.tif,1,383,23,413,Stain
maskdb/train/images/c1r1e2n12_390.tif,1,108,376,218,Stain
maskdb/train/images/c1r1e2n12_390.tif,569,46,592,73,Stain
maskdb/train/images/c1r1e2n12_390.tif,578,351,732,405,Stain
maskdb/train/images/c1r1e2n12_390.tif,573,10,765,40,Stain
maskdb/train/images/c1r3e2n42_300.tif,118,4,457,240,Stain
maskdb/train/images/c1r3e2n42_300.tif,1,387,15,412,Stain
maskdb/train/images/c1r3e2n42_300.tif,701,400,768,508,Stain
maskdb/train/images/c2r2e1n8_151.tif,173,206,227,268,Hole
maskdb/train/images/c2r2e2n33_332.tif,34,337,311,511,Stain
maskdb/train/images/c1r1e2n1_333.tif,1,388,22,411,Stain
maskdb/train/images/c1r1e2n1_333.tif,248,383,370,479,Stain
maskdb/train/images/c1r3e1n40_001.tif,250,179,431,378,Line
maskdb/train/images/c1r3e2n18_307.tif,1,386,22,412,Stain
maskdb/train/images/c1r3e2n18_307.tif,301,1,641,157,Stain
maskdb/train/images/c2r2e1n40_021.tif,210,298,343,507,Line
maskdb/train/images/c1r3e2n26_286.tif,1,388,21,418,Stain
maskdb/train/images/c1r3e2n26_286.tif,179,354,223,414,Stain
maskdb/train/images/c2r2e2n4_277.tif,22,86,58,115,Hole
maskdb/train/images/c2r2e2n4_277.tif,109,280,245,512,Stain
maskdb/train/images/c1r3e2n49_299.tif,5,1,140,156,Stain
maskdb/train/images/c1r3e2n49_299.tif,1,389,21,414,Stain
maskdb/train/images/c1r3e2n49_299.tif,432,437,485,512,Stain
maskdb/train/images/c1r3e2n49_299.tif,623,4,670,90,Stain
maskdb/train/images/c2r2e1n5_166.tif,449,177,516,227,Hole
maskdb/train/images/c1r3e1n13_220.tif,145,306,183,330,Hole
maskdb/train/images/c1r3e2n45_403.tif,1,388,20,415,Stain
maskdb/train/images/c1r3e2n45_403.tif,161,201,216,270,Stain
maskdb/train/images/c1r1e2n28_269.tif,1,382,21,418,Stain
maskdb/train/images/c1r1e2n28_269.tif,371,37,601,213,Stain
maskdb/train/images/c1r3e1n32_122.tif,14,176,355,392,Line
maskdb/train/images/c1r1e1n23_136.tif,98,251,137,276,Hole
maskdb/train/images/c2r2e2n41_065.tif,82,339,173,440,Stain
maskdb/train/images/c2r2e2n41_065.tif,601,64,667,272,Line
maskdb/train/images/c2r2e2n15_388.tif,390,35,503,109,Stain
maskdb/train/images/c2r3e1n30_093.tif,104,382,296,512,Line
maskdb/train/images/c2r3e1n30_093.tif,144,63,183,110,Hole
maskdb/train/images/c2r3e1n30_093.tif,48,392,74,437,Hole
maskdb/train/images/c2r3e1n30_093.tif,590,103,623,138,Hole
maskdb/train/images/c1r3e2n4_363.tif,1,388,24,411,Stain
maskdb/train/images/c1r3e2n4_363.tif,294,165,381,225,Stain
maskdb/train/images/c1r1e1n3_197.tif,160,358,185,380,Hole
maskdb/train/images/c1r3e1n43_085.tif,388,280,633,462,Line
maskdb/train/images/c1r3e1n43_085.tif,268,448,379,512,Hole
maskdb/train/images/c1r3e2n12_234.tif,253,90,553,512,Stain
maskdb/train/images/c1r3e2n12_234.tif,1,385,43,424,Stain
maskdb/train/images/c1r3e2n12_234.tif,750,23,768,69,Stain
maskdb/train/images/c1r3e2n12_234.tif,564,48,592,80,Stain
maskdb/train/images/c1r3e2n12_234.tif,688,350,707,374,Stain
maskdb/train/images/c2r3e1n15_099.tif,180,144,350,220,Line
maskdb/train/images/c2r3e1n15_099.tif,61,205,85,232,Hole
maskdb/train/images/c2r3e1n15_099.tif,93,396,118,430,Hole
maskdb/train/images/c2r3e1n15_099.tif,344,355,372,382,Hole
maskdb/train/images/c2r3e1n15_099.tif,285,289,307,343,Hole
maskdb/train/images/c2r3e1n15_099.tif,25,9,53,27,Hole
maskdb/train/images/c2r3e1n15_099.tif,81,39,114,55,Hole
maskdb/train/images/c2r3e1n15_099.tif,628,492,649,510,Hole
maskdb/train/images/c2r3e1n15_099.tif,154,186,177,210,Hole
maskdb/train/images/c1r3e1n12_183.tif,260,372,289,409,Hole
maskdb/train/images/c1r1e1n34_049.tif,174,232,218,264,Hole
maskdb/train/images/c2r2e1n1_194.tif,188,288,239,346,Hole
maskdb/train/images/c1r1e1n19_137.tif,132,356,176,390,Hole
maskdb/train/images/c1r1e1n19_137.tif,469,192,505,220,Hole
maskdb/train/images/c2r3e1n26_074.tif,16,7,224,337,Line
maskdb/train/images/c2r3e1n26_074.tif,11,398,32,424,Hole
maskdb/train/images/c2r3e1n26_074.tif,277,211,291,236,Hole
maskdb/train/images/c2r3e1n26_074.tif,187,452,223,482,Hole
maskdb/train/images/c2r3e1n26_074.tif,746,140,767,169,Hole
maskdb/train/images/c2r3e1n26_074.tif,712,220,743,240,Hole
maskdb/train/images/c1r1e2n32_233.tif,1,388,21,415,Stain
maskdb/train/images/c1r1e2n32_233.tif,189,108,283,183,Stain
maskdb/train/images/c1r1e2n37_352.tif,1,392,18,412,Stain
maskdb/train/images/c1r1e2n37_352.tif,629,327,740,414,Stain
maskdb/train/images/c1r1e2n37_352.tif,566,41,601,85,Stain
maskdb/train/images/c2r2e1n28_009.tif,254,178,676,212,Line
maskdb/train/images/c1r1e1n27_062.tif,216,338,386,415,Line
maskdb/train/images/c2r2e2n17_063.tif,129,190,291,354,Line
maskdb/train/images/c2r3e2n3_256.tif,236,91,399,202,Stain
maskdb/train/images/c2r3e2n3_256.tif,198,496,221,512,Hole
maskdb/train/images/c2r3e2n3_256.tif,468,351,504,389,Hole
maskdb/train/images/c2r3e2n3_256.tif,101,397,125,425,Hole
maskdb/train/images/c2r3e2n3_256.tif,372,28,398,70,Hole
maskdb/train/images/c2r3e2n3_256.tif,710,298,737,325,Hole
maskdb/train/images/c2r2e1n36_102.tif,206,131,437,512,Line
maskdb/train/images/c2r2e2n41_185.tif,82,339,173,440,Stain
maskdb/train/images/c2r2e2n41_185.tif,601,64,667,272,Line
maskdb/train/images/c2r2e2n10_238.tif,205,146,304,461,Stain
maskdb/train/images/c1r1e1n30_000.tif,256,245,289,431,Line
maskdb/train/images/c2r2e2n27_337.tif,5,268,247,454,Stain
maskdb/train/images/c2r3e1n49_041.tif,554,98,746,195,Line
maskdb/train/images/c2r3e1n49_041.tif,409,173,463,224,Hole
maskdb/train/images/c2r3e1n49_041.tif,58,40,100,79,Hole
maskdb/train/images/c2r3e1n49_041.tif,696,72,724,116,Hole
maskdb/train/images/c2r3e1n49_041.tif,248,354,275,383,Hole
maskdb/train/images/c2r3e1n49_041.tif,657,347,676,376,Hole
maskdb/train/images/c2r3e1n49_041.tif,348,177,378,208,Hole
maskdb/train/images/c2r2e1n29_047.tif,278,245,737,492,Line
maskdb/train/images/c2r2e2n5_366.tif,42,368,259,512,Stain
maskdb/train/images/c1r3e2n36_316.tif,1,391,28,419,Stain
maskdb/train/images/c1r3e2n36_316.tif,348,433,425,472,Stain
maskdb/train/images/c1r3e2n36_316.tif,755,17,768,40,Stain
maskdb/train/images/c1r1e1n35_158.tif,556,427,594,464,Hole
maskdb/train/images/c1r1e2n11_241.tif,115,121,501,226,Stain
maskdb/train/images/c1r1e2n11_241.tif,1,384,33,420,Stain
maskdb/train/images/c1r1e2n11_241.tif,528,56,593,77,Stain
maskdb/train/images/c2r3e2n26_322.tif,114,191,272,339,Stain
maskdb/train/images/c2r3e2n26_322.tif,282,115,310,147,Hole
maskdb/train/images/c2r3e2n26_322.tif,581,10,602,28,Hole
maskdb/train/images/c2r3e2n26_322.tif,578,153,623,184,Hole
maskdb/train/images/c2r3e2n26_322.tif,527,185,567,217,Hole
maskdb/train/images/c2r3e2n26_322.tif,508,242,564,279,Hole
maskdb/train/images/c2r3e2n26_322.tif,667,358,721,419,Hole
maskdb/train/images/c1r3e1n41_112.tif,415,410,516,512,Hole
maskdb/train/images/c1r3e2n32_376.tif,153,389,244,507,Stain
maskdb/train/images/c1r3e2n32_376.tif,2,390,27,400,Stain
maskdb/train/images/c1r3e2n32_376.tif,573,47,585,71,Stain
maskdb/train/images/c1r3e2n6_302.tif,1,393,23,411,Stain
maskdb/train/images/c1r3e2n6_302.tif,705,281,768,358,Stain
maskdb/train/images/c1r1e2n24_321.tif,1,387,24,416,Stain
maskdb/train/images/c1r1e2n24_321.tif,580,1,700,255,Stain
maskdb/train/images/c1r3e1n6_196.tif,477,309,509,326,Hole
maskdb/train/images/c2r3e2n41_341.tif,174,206,205,239,Hole
maskdb/train/images/c2r3e2n41_341.tif,126,189,155,216,Hole
maskdb/train/images/c2r3e2n41_341.tif,299,341,330,367,Hole
maskdb/train/images/c2r3e2n41_341.tif,91,35,112,50,Hole
maskdb/train/images/c2r3e2n41_341.tif,121,55,142,82,Hole
maskdb/train/images/c2r3e2n41_341.tif,288,1,349,27,Hole
maskdb/train/images/c2r3e2n41_341.tif,388,179,421,203,Hole
maskdb/train/images/c2r3e2n41_341.tif,635,241,653,268,Hole
maskdb/train/images/c2r3e2n41_341.tif,477,390,498,425,Hole
maskdb/train/images/c2r3e2n41_341.tif,642,430,696,473,Hole
maskdb/train/images/c2r3e2n41_341.tif,449,4,768,310,Stain
maskdb/train/images/c1r3e2n9_249.tif,1,393,19,415,Stain
maskdb/train/images/c1r3e2n9_249.tif,275,469,376,512,Stain
maskdb/train/images/c1r1e2n48_310.tif,1,389,35,412,Stain
maskdb/train/images/c1r1e2n48_310.tif,122,178,190,446,Stain
maskdb/train/images/c1r1e2n48_310.tif,171,195,469,303,Stain
maskdb/train/images/c1r1e2n48_310.tif,1,61,734,241,Stain
maskdb/train/images/c2r2e2n14_298.tif,96,91,201,173,Stain
maskdb/train/images/c2r3e2n6_394.tif,117,146,459,210,Stain
maskdb/train/images/c2r3e2n6_394.tif,34,360,62,393,Hole
maskdb/train/images/c2r3e2n6_394.tif,48,69,75,112,Hole
maskdb/train/images/c2r3e2n6_394.tif,389,65,419,88,Hole
maskdb/train/images/c2r3e2n6_394.tif,625,286,656,317,Hole
maskdb/train/images/c2r3e2n6_394.tif,566,493,619,511,Hole
maskdb/train/images/c2r3e2n6_394.tif,610,1,633,30,Hole
maskdb/train/images/c1r1e2n8_292.tif,1,391,23,412,Stain
maskdb/train/images/c1r1e2n8_292.tif,337,284,664,382,Stain
maskdb/train/images/c1r1e2n8_292.tif,564,41,589,77,Stain
maskdb/train/images/c2r2e2n48_148.tif,328,272,553,503,Stain
maskdb/train/images/c1r1e1n22_160.tif,229,412,266,429,Hole
maskdb/train/images/c2r3e2n19_402.tif,1,374,393,506,Stain
maskdb/train/images/c2r3e2n19_402.tif,19,410,36,429,Hole
maskdb/train/images/c2r3e2n19_402.tif,18,341,44,354,Hole
maskdb/train/images/c2r3e2n19_402.tif,55,179,77,216,Hole
maskdb/train/images/c2r3e2n19_402.tif,164,190,189,218,Hole
maskdb/train/images/c2r3e2n19_402.tif,249,142,284,180,Hole
maskdb/train/images/c2r3e2n19_402.tif,266,254,289,271,Hole
maskdb/train/images/c2r3e2n19_402.tif,418,182,449,201,Hole
maskdb/train/images/c2r3e2n19_402.tif,471,290,516,319,Hole
maskdb/train/images/c2r3e2n19_402.tif,665,18,708,65,Hole
maskdb/train/images/c1r1e2n17_350.tif,104,181,280,512,Stain
maskdb/train/images/c1r1e2n17_350.tif,1,386,40,416,Stain
maskdb/train/images/c2r2e1n37_081.tif,12,42,446,385,Line
maskdb/train/images/c1r1e2n44_262.tif,1,390,19,417,Stain
maskdb/train/images/c1r1e2n44_262.tif,93,137,186,432,Stain
maskdb/train/images/c1r1e2n44_262.tif,495,2,593,512,Stain
maskdb/train/images/c1r1e2n44_262.tif,672,82,725,160,Stain
maskdb/train/images/c2r3e2n46_251.tif,134,185,170,211,Hole
maskdb/train/images/c2r3e2n46_251.tif,7,380,30,413,Hole
maskdb/train/images/c2r3e2n46_251.tif,77,471,113,512,Hole
maskdb/train/images/c2r3e2n46_251.tif,27,322,48,354,Hole
maskdb/train/images/c2r3e2n46_251.tif,98,59,120,94,Hole
maskdb/train/images/c2r3e2n46_251.tif,337,396,386,428,Hole
maskdb/train/images/c2r3e2n46_251.tif,528,372,570,408,Hole
maskdb/train/images/c2r3e2n46_251.tif,679,143,710,205,Hole
maskdb/train/images/c2r3e2n46_251.tif,8,166,246,221,Stain
maskdb/train/images/c2r3e1n29_110.tif,283,252,430,511,Line
maskdb/train/images/c2r3e1n29_110.tif,133,201,159,246,Hole
maskdb/train/images/c2r3e1n29_110.tif,96,43,126,72,Hole
maskdb/train/images/c2r3e1n29_110.tif,718,272,735,288,Hole
maskdb/train/images/c1r1e1n42_091.tif,48,256,139,434,Line
maskdb/train/images/c1r1e1n42_091.tif,409,270,527,508,Line
maskdb/train/images/c1r1e1n2_193.tif,302,408,327,445,Hole
maskdb/train/images/c2r2e2n23_067.tif,252,399,436,494,Line
maskdb/train/images/c2r2e1n27_033.tif,238,316,639,425,Line
maskdb/train/images/c1r3e2n33_377.tif,2,386,23,413,Stain
maskdb/train/images/c1r3e2n33_377.tif,18,170,176,271,Stain
maskdb/train/images/c1r3e2n33_377.tif,570,52,583,70,Stain
maskdb/train/images/c1r3e2n33_377.tif,670,77,766,295,Stain
maskdb/train/images/c1r3e1n10_163.tif,243,350,277,375,Hole
maskdb/train/images/c2r2e2n46_362.tif,151,37,416,253,Stain
maskdb/train/images/c2r3e1n44_070.tif,214,348,332,512,Line
maskdb/train/images/c2r3e1n44_070.tif,218,206,261,263,Hole
maskdb/train/images/c2r3e1n44_070.tif,218,157,261,189,Hole
maskdb/train/images/c2r3e1n44_070.tif,345,335,368,370,Hole
maskdb/train/images/c2r3e1n44_070.tif,442,76,480,110,Hole
maskdb/train/images/c2r3e1n44_070.tif,50,60,72,95,Hole
maskdb/train/images/c2r3e1n44_070.tif,70,455,93,474,Hole
maskdb/train/images/c2r3e1n44_070.tif,318,415,350,453,Hole
maskdb/train/images/c2r3e1n44_070.tif,326,494,356,512,Hole
maskdb/train/images/c2r3e1n44_070.tif,515,441,547,468,Hole
maskdb/train/images/c2r3e1n44_070.tif,604,133,671,168,Hole
maskdb/train/images/c1r3e2n5_311.tif,1,393,22,420,Stain
maskdb/train/images/c1r3e2n5_311.tif,270,418,375,493,Stain
maskdb/train/images/c1r3e1n19_191.tif,223,104,257,143,Hole
maskdb/train/images/c1r1e2n5_295.tif,1,384,23,411,Stain
maskdb/train/images/c1r1e2n5_295.tif,309,25,445,122,Stain
maskdb/train/images/c1r1e2n5_295.tif,365,164,389,191,Stain
maskdb/train/images/c2r3e1n37_140.tif,288,172,432,263,Hole
maskdb/train/images/c2r3e1n37_140.tif,169,380,192,397,Hole
maskdb/train/images/c2r3e1n37_140.tif,532,121,552,136,Hole
maskdb/train/images/c2r3e1n37_140.tif,607,102,626,119,Hole
maskdb/train/images/c2r2e2n46_205.tif,151,37,416,253,Stain
maskdb/train/images/c1r3e2n8_236.tif,1,384,37,423,Stain
maskdb/train/images/c1r3e2n8_236.tif,205,83,225,113,Stain
maskdb/train/images/c1r3e2n8_236.tif,477,239,576,338,Stain
maskdb/train/images/c2r3e2n29_258.tif,144,253,278,373,Stain
maskdb/train/images/c2r3e2n29_258.tif,24,177,40,212,Hole
maskdb/train/images/c2r3e2n29_258.tif,90,144,129,183,Hole
maskdb/train/images/c2r3e2n29_258.tif,287,7,328,39,Hole
maskdb/train/images/c2r3e2n29_258.tif,274,132,299,160,Hole
maskdb/train/images/c2r3e2n29_258.tif,634,153,671,210,Hole
maskdb/train/images/c1r1e2n3_250.tif,1,384,33,419,Stain
maskdb/train/images/c1r1e2n3_250.tif,319,268,340,287,Stain
maskdb/train/images/c1r1e2n3_250.tif,359,162,461,224,Stain
maskdb/train/images/c2r2e2n12_327.tif,179,122,305,221,Stain
maskdb/train/images/c2r3e1n5_135.tif,179,239,254,274,Hole
maskdb/train/images/c2r3e1n5_135.tif,104,480,127,511,Hole
maskdb/train/images/c2r3e1n5_135.tif,247,399,280,425,Hole
maskdb/train/images/c2r3e1n5_135.tif,276,486,304,510,Hole
maskdb/train/images/c2r3e1n5_135.tif,76,153,95,178,Hole
maskdb/train/images/c2r3e1n5_135.tif,403,183,426,211,Hole
maskdb/train/images/c2r3e1n5_135.tif,132,6,156,32,Hole
maskdb/train/images/c2r3e1n5_135.tif,467,417,492,462,Hole
maskdb/train/images/c2r3e1n5_135.tif,522,211,542,233,Hole
maskdb/train/images/c2r3e1n5_135.tif,738,319,756,336,Hole
maskdb/train/images/c2r3e1n41_161.tif,81,365,105,398,Hole
maskdb/train/images/c2r3e1n41_161.tif,172,201,197,227,Hole
maskdb/train/images/c2r3e1n41_161.tif,388,222,443,332,Hole
maskdb/train/images/c2r3e1n41_161.tif,543,42,587,80,Hole
maskdb/train/images/c2r3e1n41_161.tif,569,304,605,348,Hole
maskdb/train/images/c2r3e1n41_161.tif,577,404,608,435,Hole
maskdb/train/images/c2r3e1n41_161.tif,637,460,660,490,Hole
maskdb/train/images/c2r3e1n41_161.tif,717,25,755,51,Hole
maskdb/train/images/c1r3e1n7_170.tif,335,245,357,262,Hole
maskdb/train/images/c2r3e1n18_023.tif,24,248,45,270,Hole
maskdb/train/images/c2r3e1n18_023.tif,43,64,61,90,Hole
maskdb/train/images/c2r3e1n18_023.tif,212,335,235,365,Hole
maskdb/train/images/c2r3e1n18_023.tif,471,71,486,95,Hole
maskdb/train/images/c2r3e1n18_023.tif,281,84,300,109,Hole
maskdb/train/images/c2r3e1n18_023.tif,322,289,342,318,Hole
maskdb/train/images/c2r3e1n18_023.tif,598,457,620,488,Hole
maskdb/train/images/c2r3e1n18_023.tif,545,268,557,302,Hole
maskdb/train/images/c2r3e1n18_023.tif,538,100,559,121,Hole
maskdb/train/images/c2r3e1n18_023.tif,653,210,758,264,Line
maskdb/train/images/c1r1e1n43_088.tif,486,357,586,512,Line
maskdb/train/images/c2r3e1n10_192.tif,33,241,56,263,Hole
maskdb/train/images/c2r3e1n10_192.tif,119,19,143,36,Hole
maskdb/train/images/c2r3e1n10_192.tif,198,460,214,483,Hole
maskdb/train/images/c2r3e1n10_192.tif,230,396,255,421,Hole
maskdb/train/images/c2r3e1n10_192.tif,411,408,433,430,Hole
maskdb/train/images/c2r3e1n10_192.tif,393,315,417,345,Hole
maskdb/train/images/c2r3e1n10_192.tif,348,155,417,226,Hole
maskdb/train/images/c2r3e1n10_192.tif,240,69,263,86,Hole
maskdb/train/images/c2r3e1n10_192.tif,493,180,520,196,Hole
maskdb/train/images/c2r3e1n10_192.tif,605,358,634,384,Hole
maskdb/train/images/c2r3e1n10_192.tif,566,111,590,134,Hole
maskdb/train/images/c2r3e1n10_192.tif,686,145,705,168,Hole
maskdb/train/images/c2r3e1n10_192.tif,684,181,708,207,Hole
maskdb/train/images/c2r3e1n10_192.tif,740,489,763,511,Hole
maskdb/train/images/c2r2e1n9_200.tif,210,232,273,280,Hole
maskdb/train/images/c1r3e1n28_034.tif,380,357,446,469,Line
maskdb/train/images/c1r1e1n11_212.tif,423,354,471,387,Hole
maskdb/train/images/c1r1e2n18_335.tif,1,384,19,421,Stain
maskdb/train/images/c1r1e2n18_335.tif,367,232,542,435,Stain
maskdb/train/images/c1r3e2n46_384.tif,106,121,371,462,Stain
maskdb/train/images/c1r3e2n22_282.tif,1,383,14,414,Stain
maskdb/train/images/c1r3e2n22_282.tif,240,101,368,210,Stain
maskdb/train/images/c2r2e2n2_244.tif,260,206,419,420,Stain
maskdb/train/images/c2r3e2n25_317.tif,65,382,83,414,Hole
maskdb/train/images/c2r3e2n25_317.tif,221,181,242,203,Hole
maskdb/train/images/c2r3e2n25_317.tif,420,297,535,405,Stain
maskdb/train/images/c2r3e2n25_317.tif,372,283,396,305,Hole
maskdb/train/images/c2r3e2n25_317.tif,679,415,705,476,Hole
maskdb/train/images/c2r3e2n25_317.tif,423,110,553,173,Hole
maskdb/train/images/c1r1e1n9_228.tif,623,62,645,93,Hole
maskdb/train/images/c2r3e1n31_116.tif,10,394,162,512,Line
maskdb/train/images/c2r3e1n31_116.tif,2,388,18,414,Hole
maskdb/train/images/c2r3e1n31_116.tif,71,123,98,141,Hole
maskdb/train/images/c2r3e1n31_116.tif,240,158,284,188,Hole
maskdb/train/images/c2r3e1n31_116.tif,460,337,480,352,Hole
maskdb/train/images/c2r3e1n31_116.tif,613,419,637,450,Hole
maskdb/train/images/c1r1e2n42_260.tif,339,9,603,160,Stain
maskdb/train/images/c1r1e2n42_260.tif,3,384,24,416,Stain
maskdb/train/images/c1r1e2n42_260.tif,3,339,577,512,Stain
maskdb/train/images/c1r3e1n1_152.tif,299,330,331,352,Hole
maskdb/train/images/c2r3e1n38_173.tif,221,210,405,280,Hole
maskdb/train/images/c2r3e1n38_173.tif,734,45,768,76,Hole
maskdb/train/images/c1r3e2n15_391.tif,1,388,23,417,Stain
maskdb/train/images/c1r3e2n15_391.tif,301,140,519,512,Stain
maskdb/train/images/c1r3e2n47_246.tif,1,388,26,420,Stain
maskdb/train/images/c1r3e2n47_246.tif,191,152,347,496,Stain
maskdb/train/images/c2r2e2n7_293.tif,496,31,764,122,Stain
maskdb/train/images/c1r3e2n11_353.tif,1,387,25,407,Stain
maskdb/train/images/c1r3e2n11_353.tif,117,233,660,503,Stain
maskdb/train/images/c1r3e2n29_309.tif,1,372,219,510,Stain
maskdb/train/images/c1r3e2n29_309.tif,637,354,699,427,Stain
maskdb/train/images/c1r3e2n29_309.tif,571,52,597,78,Stain
maskdb/train/images/c1r3e1n23_111.tif,175,353,305,439,Line
maskdb/train/images/c1r3e1n38_076.tif,12,359,202,512,Line
maskdb/train/images/c1r1e2n7_320.tif,209,248,487,439,Stain
maskdb/train/images/c1r1e2n7_320.tif,1,386,34,416,Stain
maskdb/train/images/c1r3e1n30_018.tif,156,183,233,353,Line
maskdb/train/images/c1r1e1n36_106.tif,741,132,768,204,Line
maskdb/train/images/c1r1e1n38_118.tif,279,41,468,104,Line
maskdb/train/images/c1r1e2n2_323.tif,1,385,26,418,Stain
maskdb/train/images/c1r1e2n2_323.tif,586,383,708,499,Stain
maskdb/train/images/c2r2e1n12_133.tif,254,309,348,388,Hole
maskdb/train/images/c2r3e2n47_336.tif,84,8,147,512,Stain
maskdb/train/images/c2r3e2n47_336.tif,167,339,207,379,Hole
maskdb/train/images/c2r3e2n47_336.tif,224,252,248,288,Hole
maskdb/train/images/c2r3e2n47_336.tif,313,1,340,18,Hole
maskdb/train/images/c2r3e2n47_336.tif,352,142,398,160,Hole
maskdb/train/images/c2r3e2n47_336.tif,535,3,594,18,Hole
maskdb/train/images/c2r2e1n22_124.tif,198,365,385,500,Line
maskdb/train/images/c1r3e1n5_198.tif,636,124,662,150,Hole
maskdb/train/images/c2r2e1n4_141.tif,142,259,198,308,Hole
maskdb/train/images/c1r1e2n14_359.tif,1,379,18,418,Stain
maskdb/train/images/c1r1e2n14_359.tif,373,117,466,512,Stain
maskdb/train/images/c1r1e2n14_359.tif,562,39,588,72,Stain
maskdb/train/images/c1r3e1n21_054.tif,368,408,404,512,Line
maskdb/train/images/c2r2e1n3_204.tif,215,418,272,465,Hole
maskdb/train/images/c2r2e1n18_043.tif,138,211,310,432,Line
maskdb/train/images/c2r2e1n20_022.tif,114,21,351,144,Line
maskdb/train/images/c2r2e1n7_169.tif,298,310,356,348,Hole
maskdb/train/images/c1r3e2n40_271.tif,1,389,27,411,Stain
maskdb/train/images/c1r3e2n40_271.tif,277,126,335,239,Stain
maskdb/train/images/c2r2e2n18_113.tif,94,262,281,356,Line
maskdb/train/images/c2r3e2n17_345.tif,64,92,333,512,Stain
maskdb/train/images/c2r3e2n17_345.tif,288,117,309,135,Hole
maskdb/train/images/c2r3e2n17_345.tif,359,111,382,146,Hole
maskdb/train/images/c2r3e2n17_345.tif,490,135,546,169,Hole
maskdb/train/images/c2r3e2n17_345.tif,437,353,462,379,Hole
maskdb/train/images/c2r3e2n17_345.tif,503,252,534,272,Hole
maskdb/train/images/c2r3e2n17_345.tif,538,343,583,387,Hole
maskdb/train/images/c2r3e2n17_345.tif,219,172,234,207,Hole
maskdb/train/images/c2r3e2n17_345.tif,757,83,763,108,Hole
maskdb/train/images/c2r3e1n39_032.tif,412,255,495,322,Hole
maskdb/train/images/c2r3e1n39_032.tif,444,12,481,41,Hole
maskdb/train/images/c2r3e1n39_032.tif,205,337,228,366,Hole
maskdb/train/images/c2r3e1n39_032.tif,603,236,633,268,Hole
maskdb/train/images/c2r3e1n39_032.tif,661,315,693,336,Hole
maskdb/train/images/c2r3e1n39_032.tif,744,339,757,370,Hole
maskdb/train/images/c1r1e1n48_004.tif,565,129,754,504,Line
maskdb/train/images/c1r3e2n44_343.tif,1,395,20,412,Stain
maskdb/train/images/c1r3e2n44_343.tif,445,321,530,412,Stain
maskdb/train/images/c2r3e2n45_312.tif,160,112,198,149,Hole
maskdb/train/images/c2r3e2n45_312.tif,251,159,283,177,Hole
maskdb/train/images/c2r3e2n45_312.tif,365,301,399,326,Hole
maskdb/train/images/c2r3e2n45_312.tif,331,61,364,100,Hole
maskdb/train/images/c2r3e2n45_312.tif,533,236,557,272,Hole
maskdb/train/images/c2r3e2n45_312.tif,564,175,587,219,Hole
maskdb/train/images/c2r3e2n45_312.tif,309,465,338,487,Hole
maskdb/train/images/c2r3e2n45_312.tif,595,354,616,391,Hole
maskdb/train/images/c2r3e2n45_312.tif,4,30,768,104,Stain
maskdb/train/images/c2r3e2n38_351.tif,2,187,493,389,Stain
maskdb/train/images/c2r3e2n38_351.tif,381,314,415,342,Hole
maskdb/train/images/c2r3e2n38_351.tif,15,482,42,505,Hole
maskdb/train/images/c2r3e2n38_351.tif,216,502,240,512,Hole
maskdb/train/images/c2r3e2n38_351.tif,389,168,420,201,Hole
maskdb/train/images/c2r3e2n38_351.tif,467,131,486,160,Hole
maskdb/train/images/c2r3e2n38_351.tif,440,274,468,294,Hole
maskdb/train/images/c2r3e2n38_351.tif,134,382,161,406,Hole
maskdb/train/images/c2r3e2n38_351.tif,606,117,647,158,Hole
maskdb/train/images/c2r3e2n38_351.tif,576,363,601,419,Hole
maskdb/train/images/c2r2e2n44_383.tif,117,144,424,378,Stain
maskdb/train/images/c2r2e2n44_214.tif,117,144,424,378,Stain
maskdb/train/images/c2r2e1n23_095.tif,273,2,365,162,Line
maskdb/train/images/c2r2e2n31_395.tif,578,3,768,143,Stain
maskdb/train/images/c1r3e2n37_291.tif,1,376,33,415,Stain
maskdb/train/images/c1r3e2n37_291.tif,151,397,233,435,Stain
maskdb/train/images/c1r3e1n34_103.tif,253,408,299,512,Line
maskdb/train/images/c2r2e2n22_127.tif,43,73,201,180,Line
maskdb/train/images/c2r3e2n28_315.tif,108,269,248,376,Stain
maskdb/train/images/c2r3e2n28_315.tif,39,149,51,170,Hole
maskdb/train/images/c2r3e2n28_315.tif,309,8,343,30,Hole
maskdb/train/images/c2r3e2n28_315.tif,348,50,381,79,Hole
maskdb/train/images/c2r3e2n28_315.tif,530,3,586,46,Hole
maskdb/train/images/c2r3e2n28_315.tif,111,141,135,161,Hole
maskdb/train/images/c2r3e2n28_315.tif,287,166,319,186,Hole
maskdb/train/images/c2r3e2n28_315.tif,431,348,453,374,Hole
maskdb/train/images/c2r3e2n28_315.tif,638,326,656,345,Hole
maskdb/train/images/c2r3e2n28_315.tif,626,288,649,305,Hole
maskdb/train/images/c1r3e1n27_029.tif,176,424,320,469,Line
maskdb/train/images/c1r1e1n47_020.tif,257,360,492,512,Line
maskdb/train/images/c2r3e2n8_231.tif,260,1,408,295,Stain
maskdb/train/images/c2r3e2n8_231.tif,1,456,54,503,Hole
maskdb/train/images/c2r3e2n8_231.tif,97,25,124,53,Hole
maskdb/train/images/c2r3e2n8_231.tif,150,492,179,511,Hole
maskdb/train/images/c2r3e2n8_231.tif,238,476,261,496,Hole
maskdb/train/images/c2r3e2n8_231.tif,395,207,458,241,Hole
maskdb/train/images/c2r3e2n8_231.tif,546,1,582,37,Hole
maskdb/train/images/c2r3e2n8_231.tif,715,257,760,307,Hole
maskdb/train/images/c2r3e2n8_231.tif,536,383,562,413,Hole
maskdb/train/images/c2r3e2n8_231.tif,678,396,701,427,Hole
maskdb/train/images/c2r3e1n42_188.tif,12,269,36,293,Hole
maskdb/train/images/c2r3e1n42_188.tif,47,332,68,351,Hole
maskdb/train/images/c2r3e1n42_188.tif,144,138,165,155,Hole
maskdb/train/images/c2r3e1n42_188.tif,313,228,386,310,Hole
maskdb/train/images/c2r3e1n42_188.tif,536,70,588,100,Hole
maskdb/train/images/c2r3e1n42_188.tif,471,438,504,459,Hole
maskdb/train/images/c2r3e1n42_188.tif,488,345,529,372,Hole
maskdb/train/images/c2r3e1n42_188.tif,675,410,707,440,Hole
maskdb/train/images/c2r3e1n42_188.tif,721,100,764,123,Hole
maskdb/train/images/c2r2e2n13_304.tif,223,296,305,398,Stain
maskdb/train/images/c2r3e1n9_159.tif,172,256,218,352,Hole
maskdb/train/images/c2r3e1n9_159.tif,145,426,167,455,Hole
maskdb/train/images/c2r3e1n9_159.tif,111,152,130,169,Hole
maskdb/train/images/c2r3e1n9_159.tif,299,346,331,364,Hole
maskdb/train/images/c2r3e1n9_159.tif,383,313,417,338,Hole
maskdb/train/images/c2r3e1n9_159.tif,459,387,491,469,Hole
maskdb/train/images/c2r3e1n9_159.tif,24,51,46,74,Hole
maskdb/train/images/c2r2e1n24_055.tif,150,242,338,404,Line
maskdb/train/images/c2r2e2n39_218.tif,153,264,210,327,Hole
maskdb/train/images/c2r3e1n21_016.tif,670,12,767,373,Line
maskdb/train/images/c2r3e1n21_016.tif,520,180,553,210,Hole
maskdb/train/images/c2r3e1n21_016.tif,161,439,189,467,Hole
maskdb/train/images/c2r3e1n21_016.tif,9,75,33,109,Hole
maskdb/train/images/c2r3e1n21_016.tif,579,106,604,139,Hole
maskdb/train/images/c2r3e1n21_016.tif,553,113,567,128,Hole
maskdb/train/images/c1r3e2n21_344.tif,1,387,19,410,Stain
maskdb/train/images/c1r3e2n21_344.tif,567,56,597,75,Stain
maskdb/train/images/c1r3e2n21_344.tif,269,182,413,292,Stain
maskdb/train/images/c1r1e1n32_080.tif,172,149,209,188,Hole
maskdb/train/images/c1r3e2n17_290.tif,1,246,187,511,Stain
maskdb/train/images/c1r3e2n17_290.tif,573,40,670,125,Stain
maskdb/train/images/c1r1e1n32_195.tif,172,149,209,188,Hole
maskdb/train/images/c1r3e1n26_098.tif,158,27,282,120,Line
maskdb/train/images/c2r3e2n31_340.tif,258,12,339,512,Stain
maskdb/train/images/c2r3e2n31_340.tif,86,377,115,397,Hole
maskdb/train/images/c2r3e2n31_340.tif,142,167,174,216,Hole
maskdb/train/images/c2r3e2n31_340.tif,183,132,203,161,Hole
maskdb/train/images/c2r3e2n31_340.tif,202,24,231,53,Hole
maskdb/train/images/c2r3e2n31_340.tif,636,106,662,136,Hole
maskdb/train/images/c2r3e2n31_340.tif,705,91,719,124,Hole
maskdb/train/images/c2r2e2n49_174.tif,514,7,765,225,Stain
maskdb/train/images/c1r3e1n17_145.tif,495,404,535,429,Hole
maskdb/train/images/c1r1e1n7_201.tif,206,236,229,270,Hole
maskdb/train/images/c2r3e1n24_026.tif,158,121,528,267,Line
maskdb/train/images/c2r3e1n24_026.tif,4,446,24,472,Hole
maskdb/train/images/c2r3e1n24_026.tif,150,395,178,417,Hole
maskdb/train/images/c2r3e1n24_026.tif,369,6,397,15,Hole
maskdb/train/images/c2r3e1n24_026.tif,633,6,660,32,Hole
maskdb/train/images/c2r3e1n24_026.tif,626,196,649,230,Hole
maskdb/train/images/c2r3e1n24_026.tif,624,405,645,439,Hole
maskdb/train/images/c2r3e1n24_026.tif,562,360,590,392,Hole
maskdb/train/images/c1r3e2n34_276.tif,1,390,24,416,Stain
maskdb/train/images/c1r3e2n34_276.tif,1,26,163,93,Stain
maskdb/train/images/c1r3e1n18_131.tif,364,75,407,115,Hole
maskdb/train/images/c1r1e2n49_230.tif,1,383,18,423,Stain
maskdb/train/images/c1r1e2n49_230.tif,74,14,655,480,Stain
maskdb/train/images/c1r3e1n42_126.tif,448,197,536,309,Hole
maskdb/train/images/c1r3e1n42_126.tif,613,236,764,300,Line
maskdb/train/images/c1r1e1n25_216.tif,260,312,288,334,Hole
maskdb/train/images/c2r3e2n14_331.tif,14,158,505,425,Stain
maskdb/train/images/c2r3e2n14_331.tif,51,181,80,225,Hole
maskdb/train/images/c2r3e2n14_331.tif,63,125,90,154,Hole
maskdb/train/images/c2r3e2n14_331.tif,301,39,330,63,Hole
maskdb/train/images/c2r3e2n14_331.tif,512,60,558,94,Hole
maskdb/train/images/c2r3e2n14_331.tif,478,299,561,342,Hole
maskdb/train/images/c2r3e1n33_071.tif,120,78,407,327,Line
maskdb/train/images/c2r3e1n33_071.tif,106,220,133,240,Hole
maskdb/train/images/c2r3e1n33_071.tif,39,469,63,488,Hole
maskdb/train/images/c2r3e1n33_071.tif,293,487,312,511,Hole
maskdb/train/images/c2r3e1n33_071.tif,382,346,406,364,Hole
maskdb/train/images/c2r3e1n33_071.tif,450,404,484,428,Hole
maskdb/train/images/c2r3e1n33_071.tif,403,81,432,106,Hole
maskdb/train/images/c2r3e1n33_071.tif,384,175,411,200,Hole
maskdb/train/images/c2r3e1n33_071.tif,586,256,621,281,Hole
maskdb/train/images/c2r3e1n33_071.tif,521,45,552,69,Hole
maskdb/train/images/c2r3e1n33_071.tif,658,167,692,205,Hole
maskdb/train/images/c2r2e1n26_064.tif,61,266,350,512,Line
maskdb/train/images/c2r2e2n8_273.tif,17,1,289,79,Stain
maskdb/train/images/c1r1e1n21_224.tif,65,308,99,339,Hole
maskdb/train/images/c1r1e1n21_224.tif,421,424,449,453,Hole
maskdb/train/images/c1r3e1n36_115.tif,194,1,338,368,Line
maskdb/train/images/c1r1e2n36_261.tif,1,386,19,417,Stain
maskdb/train/images/c1r1e2n36_261.tif,59,303,162,386,Stain
maskdb/train/images/c2r2e1n17_184.tif,12,403,81,512,Hole
maskdb/train/images/c2r2e2n47_175.tif,98,209,305,436,Stain
maskdb/train/images/c2r2e2n47_175.tif,636,90,768,352,Stain
maskdb/train/images/c1r3e1n37_017.tif,192,366,440,512,Line
maskdb/train/images/c1r1e2n40_267.tif,1,393,19,414,Stain
maskdb/train/images/c1r1e2n40_267.tif,282,463,471,512,Stain
maskdb/train/images/c1r3e1n3_219.tif,313,315,340,340,Hole
maskdb/train/images/c2r2e2n40_157.tif,207,285,277,363,Hole
maskdb/train/images/c2r2e2n40_157.tif,497,5,768,502,Stain
maskdb/train/images/c1r1e2n6_245.tif,1,392,27,413,Stain
maskdb/train/images/c1r1e2n6_245.tif,207,274,354,512,Stain
maskdb/train/images/c2r2e1n14_178.tif,252,188,371,239,Hole
maskdb/train/images/c1r3e1n4_182.tif,554,396,589,420,Hole
maskdb/train/images/c1r1e1n41_108.tif,196,4,266,504,Line
maskdb/train/images/c1r1e1n5_180.tif,323,187,355,204,Hole
maskdb/train/images/c2r2e2n20_129.tif,568,392,749,483,Line
maskdb/train/images/c2r2e1n13_134.tif,92,278,204,324,Hole
maskdb/train/images/c2r2e2n30_357.tif,320,1,574,139,Stain
maskdb/train/images/c2r3e2n18_279.tif,15,85,387,458,Stain
maskdb/train/images/c2r3e2n18_279.tif,62,93,83,130,Hole
maskdb/train/images/c2r3e2n18_279.tif,92,42,116,53,Hole
maskdb/train/images/c2r3e2n18_279.tif,354,64,380,91,Hole
maskdb/train/images/c2r3e2n18_279.tif,529,64,558,90,Hole
maskdb/train/images/c2r3e2n18_279.tif,377,384,449,426,Hole
maskdb/train/images/c2r3e2n18_279.tif,531,184,596,240,Hole
maskdb/train/images/c2r2e2n19_006.tif,97,273,293,361,Line
maskdb/train/images/c2r3e2n20_280.tif,10,351,535,512,Stain
maskdb/train/images/c2r3e2n20_280.tif,73,350,102,377,Hole
maskdb/train/images/c2r3e2n20_280.tif,94,416,116,449,Hole
maskdb/train/images/c2r3e2n20_280.tif,71,197,93,223,Hole
maskdb/train/images/c2r3e2n20_280.tif,173,178,203,202,Hole
maskdb/train/images/c2r3e2n20_280.tif,275,110,298,140,Hole
maskdb/train/images/c2r3e2n20_280.tif,437,113,463,142,Hole
maskdb/train/images/c2r3e2n20_280.tif,300,216,320,240,Hole
maskdb/train/images/c2r3e2n20_280.tif,509,209,541,229,Hole
maskdb/train/images/c2r3e2n20_280.tif,559,436,583,459,Hole
maskdb/train/images/c2r2e1n30_007.tif,66,65,334,467,Line
maskdb/train/images/c2r2e2n35_368.tif,24,204,206,411,Stain
maskdb/train/images/c2r2e2n35_368.tif,489,12,722,256,Stain
maskdb/train/images/c2r3e2n35_294.tif,1,161,609,223,Stain
maskdb/train/images/c2r3e2n35_294.tif,15,294,48,318,Hole
maskdb/train/images/c2r3e2n35_294.tif,60,325,84,353,Hole
maskdb/train/images/c2r3e2n35_294.tif,50,206,82,229,Hole
maskdb/train/images/c2r3e2n35_294.tif,262,380,291,410,Hole
maskdb/train/images/c2r3e2n35_294.tif,197,249,225,281,Hole
maskdb/train/images/c2r3e2n35_294.tif,466,243,495,269,Hole
maskdb/train/images/c2r3e2n35_294.tif,512,111,544,137,Hole
maskdb/train/images/c2r3e2n35_294.tif,556,5,576,35,Hole
maskdb/train/images/c2r3e2n35_294.tif,538,223,564,242,Hole
maskdb/train/images/c2r3e2n35_294.tif,587,83,609,125,Hole
maskdb/train/images/c2r3e2n35_294.tif,738,113,763,161,Hole
maskdb/train/images/c2r3e2n35_294.tif,626,341,655,399,Hole
maskdb/train/images/c1r1e2n20_385.tif,1,388,30,424,Stain
maskdb/train/images/c1r1e2n20_385.tif,577,145,765,338,Stain
maskdb/train/images/c2r3e1n41_028.tif,81,365,105,398,Hole
maskdb/train/images/c2r3e1n41_028.tif,172,201,197,227,Hole
maskdb/train/images/c2r3e1n41_028.tif,388,222,443,332,Hole
maskdb/train/images/c2r3e1n41_028.tif,543,42,587,80,Hole
maskdb/train/images/c2r3e1n41_028.tif,569,304,605,348,Hole
maskdb/train/images/c2r3e1n41_028.tif,577,404,608,435,Hole
maskdb/train/images/c2r3e1n41_028.tif,637,460,660,490,Hole
maskdb/train/images/c2r3e1n41_028.tif,717,25,755,51,Hole
maskdb/train/images/c2r2e2n1_381.tif,211,225,442,390,Stain
maskdb/train/images/c2r3e2n16_361.tif,5,168,296,512,Stain
maskdb/train/images/c2r3e2n16_361.tif,259,175,292,197,Hole
maskdb/train/images/c2r3e2n16_361.tif,330,188,358,218,Hole
maskdb/train/images/c2r3e2n16_361.tif,371,433,397,457,Hole
maskdb/train/images/c2r3e2n16_361.tif,468,453,514,475,Hole
maskdb/train/images/c2r3e2n16_361.tif,718,212,762,257,Hole
maskdb/train/images/c2r3e2n16_361.tif,472,243,519,274,Hole
maskdb/train/images/c2r3e2n16_361.tif,186,1,212,31,Hole
maskdb/train/images/c2r3e1n46_072.tif,35,15,307,270,Line
maskdb/train/images/c2r3e1n46_072.tif,22,132,58,157,Hole
maskdb/train/images/c2r3e1n46_072.tif,188,416,221,434,Hole
maskdb/train/images/c2r3e1n46_072.tif,204,481,235,510,Hole
maskdb/train/images/c2r3e1n46_072.tif,283,267,317,289,Hole
maskdb/train/images/c2r3e1n46_072.tif,348,328,389,353,Hole
maskdb/train/images/c2r3e1n46_072.tif,318,4,354,48,Hole
maskdb/train/images/c2r3e1n46_072.tif,293,96,340,125,Hole
maskdb/train/images/c2r3e1n46_072.tif,489,180,539,220,Hole
maskdb/train/images/c2r3e1n46_072.tif,684,229,708,261,Hole
maskdb/train/images/c2r3e1n46_072.tif,707,274,733,300,Hole
maskdb/train/images/c2r3e1n20_053.tif,102,166,135,196,Hole
maskdb/train/images/c2r3e1n20_053.tif,187,98,205,122,Hole
maskdb/train/images/c2r3e1n20_053.tif,191,139,214,168,Hole
maskdb/train/images/c2r3e1n20_053.tif,162,14,192,39,Hole
maskdb/train/images/c2r3e1n20_053.tif,342,252,382,280,Hole
maskdb/train/images/c2r3e1n20_053.tif,551,267,664,461,Line
maskdb/train/images/c2r3e1n20_053.tif,531,183,563,202,Hole
maskdb/train/images/c2r3e1n20_053.tif,726,98,756,129,Hole
maskdb/train/images/c2r3e1n20_053.tif,709,164,739,193,Hole
maskdb/train/images/c2r3e1n20_053.tif,493,416,523,439,Hole
maskdb/train/images/c1r1e2n50_349.tif,1,384,32,412,Stain
maskdb/train/images/c1r1e2n50_349.tif,188,335,341,427,Stain
maskdb/train/images/c1r3e2n24_229.tif,1,385,15,410,Stain
maskdb/train/images/c1r3e2n24_229.tif,138,202,287,334,Stain
maskdb/train/images/c2r2e2n37_155.tif,210,369,269,433,Hole
maskdb/train/images/c1r3e2n35_348.tif,1,388,19,412,Stain
maskdb/train/images/c1r3e2n35_348.tif,574,24,755,96,Stain
maskdb/train/images/c2r3e1n40_225.tif,59,489,88,507,Hole
maskdb/train/images/c2r3e1n40_225.tif,110,315,130,339,Hole
maskdb/train/images/c2r3e1n40_225.tif,342,298,405,396,Hole
maskdb/train/images/c2r3e1n40_225.tif,433,70,473,105,Hole
maskdb/train/images/c2r3e1n40_225.tif,513,325,556,371,Hole
maskdb/train/images/c2r3e1n40_225.tif,550,415,571,452,Hole
maskdb/train/images/c2r3e1n40_225.tif,613,472,645,494,Hole
maskdb/train/images/c2r3e1n40_225.tif,712,312,747,349,Hole
maskdb/train/images/c1r1e1n1_179.tif,583,376,605,397,Hole
maskdb/train/images/c1r1e1n6_144.tif,132,477,154,495,Hole
maskdb/train/images/c2r2e2n34_297.tif,299,145,558,400,Stain
maskdb/train/images/c1r1e2n41_296.tif,2,383,24,417,Stain
maskdb/train/images/c1r1e2n41_296.tif,28,269,762,471,Stain
maskdb/train/images/c1r3e1n45_073.tif,284,272,414,401,Line
maskdb/train/images/c2r3e1n40_121.tif,59,489,88,507,Hole
maskdb/train/images/c2r3e1n40_121.tif,110,315,130,339,Hole
maskdb/train/images/c2r3e1n40_121.tif,342,298,405,396,Hole
maskdb/train/images/c2r3e1n40_121.tif,433,70,473,105,Hole
maskdb/train/images/c2r3e1n40_121.tif,513,325,556,371,Hole
maskdb/train/images/c2r3e1n40_121.tif,550,415,571,452,Hole
maskdb/train/images/c2r3e1n40_121.tif,613,472,645,494,Hole
maskdb/train/images/c2r3e1n40_121.tif,712,312,747,349,Hole
maskdb/train/images/c1r3e1n25_090.tif,199,444,306,512,Line
maskdb/train/images/c1r3e2n2_342.tif,1,391,22,414,Stain
maskdb/train/images/c1r3e2n2_342.tif,286,367,368,446,Stain
maskdb/train/images/c1r3e2n2_342.tif,644,311,742,352,Stain
maskdb/train/images/c2r3e2n50_237.tif,199,35,251,71,Hole
maskdb/train/images/c2r3e2n50_237.tif,609,406,637,430,Hole
maskdb/train/images/c2r3e2n50_237.tif,1,125,32,164,Hole
maskdb/train/images/c2r3e2n50_237.tif,1,9,208,500,Stain
maskdb/train/images/c2r2e1n11_186.tif,235,200,294,300,Hole
maskdb/train/images/c1r3e2n1_346.tif,1,395,21,415,Stain
maskdb/train/images/c1r3e2n1_346.tif,199,342,281,443,Stain
maskdb/train/images/c2r2e1n6_210.tif,345,320,395,362,Hole
maskdb/train/images/c2r2e2n11_287.tif,148,241,267,350,Stain
maskdb/train/images/c1r3e1n2_139.tif,138,263,176,291,Hole
maskdb/train/images/c2r3e2n32_409.tif,60,7,327,512,Stain
maskdb/train/images/c2r3e2n32_409.tif,32,426,68,454,Hole
maskdb/train/images/c2r3e2n32_409.tif,18,222,51,268,Hole
maskdb/train/images/c2r3e2n32_409.tif,29,176,57,202,Hole
maskdb/train/images/c2r3e2n32_409.tif,21,58,44,92,Hole
maskdb/train/images/c2r3e2n32_409.tif,124,337,150,356,Hole
maskdb/train/images/c2r3e2n32_409.tif,451,3,472,20,Hole
maskdb/train/images/c2r3e2n32_409.tif,596,374,658,419,Hole
maskdb/train/images/c1r3e2n3_248.tif,1,386,21,409,Stain
maskdb/train/images/c1r3e2n3_248.tif,17,145,81,212,Stain
maskdb/train/images/c1r3e2n3_248.tif,382,96,467,134,Stain
maskdb/train/images/c2r3e1n27_042.tif,634,234,754,499,Line
maskdb/train/images/c2r3e1n27_042.tif,83,335,104,361,Hole
maskdb/train/images/c2r3e1n27_042.tif,180,40,223,76,Hole
maskdb/train/images/c2r3e1n27_042.tif,363,243,395,284,Hole
maskdb/train/images/c2r3e1n27_042.tif,558,82,579,111,Hole
maskdb/train/images/c1r1e2n27_253.tif,1,380,15,421,Stain
maskdb/train/images/c1r1e2n27_253.tif,210,114,440,285,Stain
maskdb/train/images/c1r3e2n41_392.tif,1,241,398,467,Stain
maskdb/train/images/c2r3e2n4_358.tif,217,198,405,314,Stain
maskdb/train/images/c2r3e2n4_358.tif,7,101,53,131,Hole
maskdb/train/images/c2r3e2n4_358.tif,334,140,368,167,Hole
maskdb/train/images/c2r3e2n4_358.tif,541,397,571,439,Hole
maskdb/train/images/c2r3e2n4_358.tif,520,488,552,512,Hole
maskdb/train/images/c2r3e2n4_358.tif,47,375,78,403,Hole
maskdb/train/images/c2r3e2n4_358.tif,567,97,585,129,Hole
maskdb/train/images/c2r3e2n4_358.tif,741,177,768,216,Hole
maskdb/train/images/c2r3e2n4_358.tif,756,267,768,300,Hole
maskdb/train/images/c2r2e2n3_318.tif,157,261,256,512,Stain
maskdb/train/images/c2r3e1n6_199.tif,54,243,81,264,Hole
maskdb/train/images/c2r3e1n6_199.tif,194,43,216,60,Hole
maskdb/train/images/c2r3e1n6_199.tif,390,208,440,278,Hole
maskdb/train/images/c2r3e1n6_199.tif,155,489,195,511,Hole
maskdb/train/images/c2r3e1n6_199.tif,213,442,240,466,Hole
maskdb/train/images/c2r3e1n6_199.tif,383,398,402,428,Hole
maskdb/train/images/c2r3e1n6_199.tif,376,492,398,512,Hole
maskdb/train/images/c2r3e1n6_199.tif,576,490,602,512,Hole
maskdb/train/images/c2r3e1n6_199.tif,605,241,621,266,Hole
maskdb/train/images/c2r3e1n6_199.tif,700,334,714,364,Hole
maskdb/train/images/c2r3e1n6_199.tif,299,125,317,139,Hole
maskdb/train/images/c2r3e1n6_199.tif,518,294,537,313,Hole
maskdb/train/images/c2r3e1n4_187.tif,76,322,145,369,Hole
maskdb/train/images/c2r3e1n4_187.tif,258,224,284,253,Hole
maskdb/train/images/c2r3e1n4_187.tif,171,477,208,496,Hole
maskdb/train/images/c2r3e1n4_187.tif,397,439,425,465,Hole
maskdb/train/images/c2r3e1n4_187.tif,663,479,684,508,Hole
maskdb/train/images/c2r3e1n4_187.tif,384,222,424,280,Hole
maskdb/train/images/c2r3e1n36_132.tif,350,224,388,292,Hole
maskdb/train/images/c2r3e1n36_132.tif,30,70,42,91,Hole
maskdb/train/images/c2r3e1n36_132.tif,242,2,274,17,Hole
maskdb/train/images/c2r3e1n36_132.tif,494,128,515,151,Hole
maskdb/train/images/c2r3e1n36_132.tif,171,396,196,408,Hole
maskdb/train/images/c2r3e1n36_132.tif,579,168,594,186,Hole
maskdb/train/images/c2r3e1n36_132.tif,653,156,669,178,Hole
maskdb/train/images/c2r2e2n47_305.tif,98,209,305,436,Stain
maskdb/train/images/c2r2e2n47_305.tif,636,90,768,352,Stain
maskdb/train/images/c1r1e2n31_324.tif,1,387,27,411,Stain
maskdb/train/images/c1r1e2n31_324.tif,248,192,483,410,Stain
maskdb/train/images/c1r3e2n7_400.tif,1,384,20,420,Stain
maskdb/train/images/c1r3e2n7_400.tif,451,460,532,512,Stain
maskdb/train/images/c1r1e2n19_398.tif,1,388,26,424,Stain
maskdb/train/images/c1r1e2n19_398.tif,387,333,569,512,Stain
maskdb/train/images/c1r3e2n39_264.tif,1,388,27,407,Stain
maskdb/train/images/c1r3e2n39_264.tif,214,86,248,154,Stain
maskdb/train/images/c1r3e2n39_264.tif,562,48,588,78,Stain
maskdb/train/images/c1r3e2n39_264.tif,512,146,544,174,Stain
maskdb/train/images/c2r2e1n31_068.tif,451,64,504,482,Line
maskdb/train/images/c1r1e1n14_153.tif,453,386,491,408,Hole
maskdb/train/images/c2r3e1n8_167.tif,45,205,72,228,Hole
maskdb/train/images/c2r3e1n8_167.tif,266,76,336,193,Hole
maskdb/train/images/c2r3e1n8_167.tif,164,331,187,345,Hole
maskdb/train/images/c2r3e1n8_167.tif,332,430,373,452,Hole
maskdb/train/images/c2r3e1n8_167.tif,204,249,235,273,Hole
maskdb/train/images/c2r3e1n8_167.tif,384,218,406,236,Hole
maskdb/train/images/c2r3e1n8_167.tif,488,217,509,233,Hole
maskdb/train/images/c2r3e1n8_167.tif,538,319,565,338,Hole
maskdb/train/images/c1r1e2n10_393.tif,1,388,25,413,Stain
maskdb/train/images/c1r1e2n10_393.tif,385,12,616,143,Stain
maskdb/train/images/c1r1e2n10_393.tif,665,165,723,200,Stain
maskdb/train/images/c1r1e1n49_036.tif,225,1,420,496,Line
maskdb/train/images/c1r3e2n10_356.tif,1,343,627,484,Stain
maskdb/train/images/c2r2e1n19_092.tif,53,248,267,421,Line
maskdb/train/images/c1r1e2n35_401.tif,3,385,15,413,Stain
maskdb/train/images/c1r1e2n35_401.tif,41,224,134,313,Stain
maskdb/train/images/c1r1e1n18_171.tif,432,321,473,346,Hole
maskdb/train/images/c1r1e2n9_314.tif,1,393,30,415,Stain
maskdb/train/images/c1r1e2n9_314.tif,392,184,666,301,Stain
maskdb/train/images/c1r3e1n24_031.tif,276,391,424,444,Line
maskdb/train/images/c2r3e1n13_027.tif,166,303,295,444,Line
maskdb/train/images/c2r3e1n13_027.tif,75,501,100,512,Hole
maskdb/train/images/c2r3e1n13_027.tif,142,439,164,452,Hole
maskdb/train/images/c2r3e1n13_027.tif,1,339,23,368,Hole
maskdb/train/images/c2r3e1n13_027.tif,33,95,65,121,Hole
maskdb/train/images/c2r3e1n13_027.tif,283,186,309,202,Hole
maskdb/train/images/c2r3e1n13_027.tif,272,49,296,73,Hole
maskdb/train/images/c2r3e1n13_027.tif,403,476,428,496,Hole
maskdb/train/images/c2r3e1n13_027.tif,311,460,337,480,Hole
maskdb/train/images/c2r3e1n13_027.tif,748,109,768,127,Hole
maskdb/train/images/c1r1e1n15_207.tif,81,132,133,172,Hole
maskdb/train/images/c1r3e1n11_223.tif,304,364,333,413,Hole
maskdb/train/images/c2r2e2n48_255.tif,328,272,553,503,Stain
maskdb/train/images/c2r2e1n34_030.tif,60,321,484,393,Line
maskdb/train/images/c2r3e2n9_240.tif,281,28,457,317,Stain
maskdb/train/images/c2r3e2n9_240.tif,78,375,105,410,Hole
maskdb/train/images/c2r3e2n9_240.tif,60,14,90,59,Hole
maskdb/train/images/c2r3e2n9_240.tif,373,282,443,330,Hole
maskdb/train/images/c2r3e2n9_240.tif,561,20,588,47,Hole
maskdb/train/images/c2r3e2n9_240.tif,618,208,638,261,Hole
maskdb/train/images/c2r3e2n9_240.tif,688,124,729,167,Hole
maskdb/train/images/c2r2e2n42_138.tif,562,223,622,400,Line
maskdb/train/images/c2r2e2n42_138.tif,1,216,72,338,Stain
maskdb/train/images/c1r1e2n16_397.tif,1,395,186,505,Stain
maskdb/train/images/c1r1e1n36_215.tif,741,132,768,204,Line
maskdb/train/images/c2r3e1n43_059.tif,124,114,138,136,Hole
maskdb/train/images/c2r3e1n43_059.tif,416,162,474,268,Hole
maskdb/train/images/c2r3e1n43_059.tif,245,417,266,434,Hole
maskdb/train/images/c2r3e1n43_059.tif,475,445,494,469,Hole
maskdb/train/images/c2r3e1n43_059.tif,511,489,539,507,Hole
maskdb/train/images/c2r3e1n43_059.tif,510,415,522,434,Hole
maskdb/train/images/c2r3e1n43_059.tif,546,334,587,352,Hole
maskdb/train/images/c2r3e1n43_059.tif,692,88,713,118,Hole
maskdb/train/images/c1r3e1n33_002.tif,13,288,337,469,Line
maskdb/train/images/c2r3e1n23_097.tif,1,296,390,400,Line
maskdb/train/images/c2r3e1n23_097.tif,164,166,202,204,Hole
maskdb/train/images/c2r3e1n23_097.tif,418,117,454,152,Hole
maskdb/train/images/c2r3e1n23_097.tif,462,316,497,342,Hole
maskdb/train/images/c2r3e1n23_097.tif,556,5,590,24,Hole
maskdb/train/images/c2r3e1n23_097.tif,600,7,623,28,Hole
maskdb/train/images/c2r3e1n23_097.tif,677,318,713,359,Hole
maskdb/train/images/c1r3e2n19_354.tif,1,381,23,410,Stain
maskdb/train/images/c1r3e2n19_354.tif,158,137,502,412,Stain
maskdb/train/images/c2r3e2n33_408.tif,6,87,398,508,Stain
maskdb/train/images/c2r3e2n33_408.tif,36,439,62,458,Hole
maskdb/train/images/c2r3e2n33_408.tif,38,175,51,188,Hole
maskdb/train/images/c2r3e2n33_408.tif,93,315,115,332,Hole
maskdb/train/images/c2r3e2n33_408.tif,534,183,573,210,Hole
maskdb/train/images/c2r3e2n33_408.tif,399,441,430,457,Hole
maskdb/train/images/c2r3e2n33_408.tif,463,474,491,497,Hole
maskdb/train/images/c2r3e2n33_408.tif,517,383,534,414,Hole
maskdb/train/images/c2r3e1n47_035.tif,185,122,300,266,Line
maskdb/train/images/c2r3e1n47_035.tif,253,36,279,65,Hole
maskdb/train/images/c2r3e1n47_035.tif,264,128,297,152,Hole
maskdb/train/images/c2r3e1n47_035.tif,441,65,485,97,Hole
maskdb/train/images/c2r3e1n47_035.tif,524,158,565,215,Hole
maskdb/train/images/c2r3e1n47_035.tif,316,189,348,212,Hole
maskdb/train/images/c2r3e1n47_035.tif,51,254,74,278,Hole
maskdb/train/images/c2r3e1n47_035.tif,604,275,635,302,Hole
maskdb/train/images/c2r3e1n47_035.tif,591,460,630,489,Hole
maskdb/train/images/c2r2e2n29_272.tif,124,33,338,263,Stain
